model,dataset,lookback,horizon,seed,test_mse,test_mae,val_mse,params,flops_per_series,sec_per_epoch,peak_gpu_mem_mb,epochs_run,lookback_label
naive,ETTh1,336,96,2021,1.294371,0.713181,1.560809,0,0,0.0,0.6,0,L336
naive,ETTh1,336,96,2022,1.294371,0.713181,1.560809,0,0,0.0,0.6,0,L336
naive,ETTh1,336,96,2023,1.294371,0.713181,1.560809,0,0,0.0,0.6,0,L336
nlinear,ETTh1,336,96,2021,0.387929,0.407388,0.674133,32352,64512,0.8546,70.4,5,L336
nlinear,ETTh1,336,96,2022,0.378944,0.400437,0.678599,32352,64512,0.8705,70.4,11,L336
nlinear,ETTh1,336,96,2023,0.385916,0.406139,0.668547,32352,64512,0.8575,70.4,7,L336
dlinear,ETTh1,336,96,2021,0.37468,0.396615,0.652697,64704,129024,0.9952,71.3,10,L336
dlinear,ETTh1,336,96,2022,0.375453,0.397457,0.652834,64704,129024,2.1272,71.3,8,L336
dlinear,ETTh1,336,96,2023,0.376942,0.399646,0.652052,64704,129024,1.0275,71.3,6,L336
rlinear,ETTh1,336,96,2021,0.382447,0.402745,0.678096,32354,64512,0.9168,70.1,5,L336
rlinear,ETTh1,336,96,2022,0.376942,0.397793,0.67816,32354,64512,0.8395,70.1,19,L336
rlinear,ETTh1,336,96,2023,0.377836,0.398967,0.673937,32354,64512,0.841,70.1,7,L336
fits,ETTh1,336,96,2021,0.398966,0.419385,0.70719,4644,18144,0.9002,70.8,19,L336
fits,ETTh1,336,96,2022,0.398331,0.418853,0.711588,4644,18144,0.9283,70.8,20,L336
fits,ETTh1,336,96,2023,0.398304,0.418907,0.710346,4644,18144,0.9137,70.8,20,L336
patchtst,ETTh1,336,96,2021,0.462893,0.454454,0.785218,328866,0,3.5269,154.1,9,L336
patchtst,ETTh1,336,96,2022,0.381744,0.407561,0.808611,328866,0,3.4418,154.1,4,L336
patchtst,ETTh1,336,96,2023,0.449431,0.441379,0.789488,328866,0,3.4343,154.1,6,L336
naive,ETTh1,336,192,2021,1.32488,0.733101,1.880851,0,0,0.0,68.1,0,L336
naive,ETTh1,336,192,2022,1.32488,0.733101,1.880851,0,0,0.0,68.1,0,L336
naive,ETTh1,336,192,2023,1.32488,0.733101,1.880851,0,0,0.0,68.1,0,L336
nlinear,ETTh1,336,192,2021,0.41359,0.420973,0.923593,64704,129024,0.6811,71.4,9,L336
nlinear,ETTh1,336,192,2022,0.413672,0.420898,0.923868,64704,129024,0.6698,71.4,9,L336
nlinear,ETTh1,336,192,2023,0.412612,0.42015,0.925357,64704,129024,0.6186,71.4,14,L336
dlinear,ETTh1,336,192,2021,0.409746,0.419264,0.873153,129408,258048,0.7503,72.9,7,L336
dlinear,ETTh1,336,192,2022,0.426632,0.437276,0.863747,129408,258048,0.7777,72.9,4,L336
dlinear,ETTh1,336,192,2023,0.416393,0.426633,0.862919,129408,258048,0.7659,72.9,6,L336
rlinear,ETTh1,336,192,2021,0.413434,0.419719,0.919697,64706,129024,0.8739,71.1,6,L336
rlinear,ETTh1,336,192,2022,0.411329,0.418277,0.92223,64706,129024,0.8837,71.1,7,L336
rlinear,ETTh1,336,192,2023,0.410698,0.417738,0.92107,64706,129024,0.8666,71.1,9,L336
fits,ETTh1,336,192,2021,0.429226,0.436342,0.949923,5676,22176,0.8902,71.6,20,L336
fits,ETTh1,336,192,2022,0.429135,0.436115,0.955656,5676,22176,0.8943,71.6,20,L336
fits,ETTh1,336,192,2023,0.429425,0.436489,0.95137,5676,22176,0.8513,71.6,20,L336
patchtst,ETTh1,336,192,2021,0.44804,0.449909,1.134838,587010,0,3.4678,158.4,5,L336
patchtst,ETTh1,336,192,2022,0.437427,0.440292,1.043899,587010,0,3.4336,158.4,4,L336
patchtst,ETTh1,336,192,2023,0.447461,0.445616,1.070077,587010,0,3.3595,158.4,4,L336
naive,ETTh1,336,336,2021,1.329927,0.745972,2.251628,0,0,0.0,68.6,0,L336
naive,ETTh1,336,336,2022,1.329927,0.745972,2.251628,0,0,0.0,68.6,0,L336
naive,ETTh1,336,336,2023,1.329927,0.745972,2.251628,0,0,0.0,68.6,0,L336
nlinear,ETTh1,336,336,2021,0.437571,0.435786,1.164258,113232,225792,0.5862,73.0,8,L336
nlinear,ETTh1,336,336,2022,0.437214,0.435967,1.160492,113232,225792,0.5875,73.0,7,L336
nlinear,ETTh1,336,336,2023,0.440072,0.439106,1.159485,113232,225792,0.5903,73.0,5,L336
dlinear,ETTh1,336,336,2021,0.450971,0.451768,1.059448,226464,451584,1.1887,75.4,5,L336
dlinear,ETTh1,336,336,2022,0.442796,0.444137,1.058864,226464,451584,0.9017,75.4,7,L336
dlinear,ETTh1,336,336,2023,0.465248,0.464921,1.054253,226464,451584,0.6702,75.4,4,L336
rlinear,ETTh1,336,336,2021,0.449894,0.446342,1.155859,113234,225792,0.7562,72.7,4,L336
rlinear,ETTh1,336,336,2022,0.436714,0.434821,1.154394,113234,225792,0.7353,72.7,7,L336
rlinear,ETTh1,336,336,2023,0.439502,0.437969,1.148481,113234,225792,0.7343,72.7,5,L336
fits,ETTh1,336,336,2021,0.451249,0.448198,1.184383,7224,28224,2.0197,72.8,20,L336
fits,ETTh1,336,336,2022,0.451395,0.448165,1.185276,7224,28224,1.9987,72.8,20,L336
fits,ETTh1,336,336,2023,0.450665,0.448118,1.180463,7224,28224,1.6477,72.8,20,L336
patchtst,ETTh1,336,336,2021,0.608105,0.527822,1.465821,974226,0,4.2828,165.1,5,L336
patchtst,ETTh1,336,336,2022,0.491743,0.473625,1.386243,974226,0,4.3955,165.1,4,L336
patchtst,ETTh1,336,336,2023,0.555593,0.508768,1.582313,974226,0,4.3968,165.1,4,L336
naive,ETTh1,336,720,2021,1.335121,0.755045,2.609958,0,0,0.0,70.0,0,L336
naive,ETTh1,336,720,2022,1.335121,0.755045,2.609958,0,0,0.0,70.0,0,L336
naive,ETTh1,336,720,2023,1.335121,0.755045,2.609958,0,0,0.0,70.0,0,L336
nlinear,ETTh1,336,720,2021,0.444038,0.458852,1.438354,242640,483840,0.8227,77.1,12,L336
nlinear,ETTh1,336,720,2022,0.444601,0.459474,1.436977,242640,483840,0.8596,77.1,8,L336
nlinear,ETTh1,336,720,2023,0.443845,0.458788,1.43757,242640,483840,0.8307,77.1,11,L336
dlinear,ETTh1,336,720,2021,0.506069,0.515321,1.217006,485280,967680,0.9104,81.9,4,L336
dlinear,ETTh1,336,720,2022,0.476869,0.492478,1.222668,485280,967680,1.002,81.9,12,L336
dlinear,ETTh1,336,720,2023,0.480407,0.495767,1.215708,485280,967680,0.9627,81.9,9,L336
rlinear,ETTh1,336,720,2021,0.451956,0.465142,1.422017,242642,483840,1.0148,77.7,5,L336
rlinear,ETTh1,336,720,2022,0.448545,0.462415,1.420555,242642,483840,1.0195,77.7,7,L336
rlinear,ETTh1,336,720,2023,0.447281,0.461373,1.421601,242642,483840,1.113,77.7,12,L336
fits,ETTh1,336,720,2021,0.447488,0.467339,1.45868,11352,44352,1.3662,76.1,20,L336
fits,ETTh1,336,720,2022,0.445943,0.464899,1.453382,11352,44352,1.3424,76.1,20,L336
fits,ETTh1,336,720,2023,0.447452,0.466842,1.458798,11352,44352,1.2952,76.1,20,L336
patchtst,ETTh1,336,720,2021,0.636597,0.568857,1.699675,2006802,0,3.4095,183.4,6,L336
patchtst,ETTh1,336,720,2022,0.597391,0.541545,1.649996,2006802,0,3.3954,183.4,5,L336
patchtst,ETTh1,336,720,2023,0.655168,0.561305,1.658949,2006802,0,3.4042,183.4,4,L336
naive,ETTh2,336,96,2021,0.431657,0.421621,0.31586,0,0,0.0,67.8,0,L336
naive,ETTh2,336,96,2022,0.431657,0.421621,0.31586,0,0,0.0,67.8,0,L336
naive,ETTh2,336,96,2023,0.431657,0.421621,0.31586,0,0,0.0,67.8,0,L336
nlinear,ETTh2,336,96,2021,0.284202,0.344647,0.212572,32352,64512,0.6264,70.4,7,L336
nlinear,ETTh2,336,96,2022,0.281392,0.343566,0.212837,32352,64512,0.7016,70.4,11,L336
nlinear,ETTh2,336,96,2023,0.282552,0.343924,0.212431,32352,64512,0.6874,70.4,7,L336
dlinear,ETTh2,336,96,2021,0.283012,0.346958,0.21204,64704,129024,0.7673,71.3,7,L336
dlinear,ETTh2,336,96,2022,0.288207,0.352777,0.216493,64704,129024,0.793,71.3,7,L336
dlinear,ETTh2,336,96,2023,0.284183,0.348781,0.212942,64704,129024,0.8881,71.3,7,L336
rlinear,ETTh2,336,96,2021,0.281165,0.341842,0.208294,32354,64512,1.0208,70.1,7,L336
rlinear,ETTh2,336,96,2022,0.28101,0.342551,0.209132,32354,64512,1.0381,70.1,7,L336
rlinear,ETTh2,336,96,2023,0.281671,0.341605,0.207917,32354,64512,1.0389,70.1,6,L336
fits,ETTh2,336,96,2021,0.284398,0.345221,0.22062,4644,18144,1.0563,70.8,19,L336
fits,ETTh2,336,96,2022,0.285684,0.345797,0.221083,4644,18144,1.0566,70.8,19,L336
fits,ETTh2,336,96,2023,0.285222,0.345812,0.221098,4644,18144,1.0468,70.8,19,L336
patchtst,ETTh2,336,96,2021,0.363382,0.388385,0.233047,328866,0,3.2867,154.1,5,L336
patchtst,ETTh2,336,96,2022,0.332446,0.37324,0.228664,328866,0,3.2492,154.1,4,L336
patchtst,ETTh2,336,96,2023,0.341183,0.382976,0.222131,328866,0,6.0041,154.1,5,L336
naive,ETTh2,336,192,2021,0.533722,0.472538,0.385814,0,0,0.0,68.1,0,L336
naive,ETTh2,336,192,2022,0.533722,0.472538,0.385814,0,0,0.0,68.1,0,L336
naive,ETTh2,336,192,2023,0.533722,0.472538,0.385814,0,0,0.0,68.1,0,L336
nlinear,ETTh2,336,192,2021,0.345011,0.384663,0.27906,64704,129024,1.768,71.4,9,L336
nlinear,ETTh2,336,192,2022,0.346229,0.385224,0.278822,64704,129024,0.6517,71.4,8,L336
nlinear,ETTh2,336,192,2023,0.350371,0.387193,0.278088,64704,129024,0.6874,71.4,6,L336
dlinear,ETTh2,336,192,2021,0.380131,0.417602,0.297587,129408,258048,0.9249,72.9,8,L336
dlinear,ETTh2,336,192,2022,0.380617,0.415816,0.301095,129408,258048,0.935,72.9,4,L336
dlinear,ETTh2,336,192,2023,0.395112,0.426001,0.303823,129408,258048,0.9239,72.9,12,L336
rlinear,ETTh2,336,192,2021,0.34092,0.38217,0.274494,64706,129024,1.0418,71.1,9,L336
rlinear,ETTh2,336,192,2022,0.364339,0.39327,0.274433,64706,129024,1.0627,71.1,4,L336
rlinear,ETTh2,336,192,2023,0.341244,0.382265,0.274361,64706,129024,1.0295,71.1,9,L336
fits,ETTh2,336,192,2021,0.344011,0.383056,0.290037,5676,22176,0.9697,71.6,19,L336
fits,ETTh2,336,192,2022,0.344897,0.383866,0.29117,5676,22176,0.95,71.6,19,L336
fits,ETTh2,336,192,2023,0.344494,0.383473,0.290354,5676,22176,0.9298,71.6,19,L336
patchtst,ETTh2,336,192,2021,0.419955,0.423354,0.313758,587010,0,3.3125,158.4,4,L336
patchtst,ETTh2,336,192,2022,0.452816,0.442997,0.316446,587010,0,3.3291,158.4,6,L336
patchtst,ETTh2,336,192,2023,0.395627,0.419331,0.303,587010,0,3.3322,158.4,4,L336
naive,ETTh2,336,336,2021,0.597277,0.510865,0.477049,0,0,0.0,68.6,0,L336
naive,ETTh2,336,336,2022,0.597277,0.510865,0.477049,0,0,0.0,68.6,0,L336
naive,ETTh2,336,336,2023,0.597277,0.510865,0.477049,0,0,0.0,68.6,0,L336
nlinear,ETTh2,336,336,2021,0.398194,0.421145,0.367262,113232,225792,0.6468,73.0,5,L336
nlinear,ETTh2,336,336,2022,0.3718,0.409423,0.36806,113232,225792,0.6434,73.0,7,L336
nlinear,ETTh2,336,336,2023,0.383344,0.415237,0.363805,113232,225792,0.6706,73.0,6,L336
dlinear,ETTh2,336,336,2021,0.464075,0.47526,0.407833,226464,451584,0.7696,75.4,4,L336
dlinear,ETTh2,336,336,2022,0.451328,0.465863,0.408804,226464,451584,0.7642,75.4,4,L336
dlinear,ETTh2,336,336,2023,0.454807,0.467076,0.39619,226464,451584,0.8257,75.4,7,L336
rlinear,ETTh2,336,336,2021,0.364612,0.405118,0.362323,113234,225792,0.9707,72.7,8,L336
rlinear,ETTh2,336,336,2022,0.370527,0.407616,0.362417,113234,225792,0.9678,72.7,5,L336
rlinear,ETTh2,336,336,2023,0.371721,0.408943,0.359617,113234,225792,0.9773,72.7,6,L336
fits,ETTh2,336,336,2021,0.364581,0.401674,0.384799,7224,28224,0.9301,72.8,19,L336
fits,ETTh2,336,336,2022,0.363902,0.401301,0.38522,7224,28224,0.9126,72.8,19,L336
fits,ETTh2,336,336,2023,0.363856,0.40111,0.384256,7224,28224,0.9032,72.8,19,L336
patchtst,ETTh2,336,336,2021,0.434927,0.442848,0.39638,974226,0,3.3716,165.1,5,L336
patchtst,ETTh2,336,336,2022,0.425783,0.437664,0.410073,974226,0,3.3391,165.1,4,L336
patchtst,ETTh2,336,336,2023,0.436068,0.438458,0.400495,974226,0,3.328,165.1,4,L336
naive,ETTh2,336,720,2021,0.594472,0.518991,0.740687,0,0,0.0,70.0,0,L336
naive,ETTh2,336,720,2022,0.594472,0.518991,0.740687,0,0,0.0,70.0,0,L336
naive,ETTh2,336,720,2023,0.594472,0.518991,0.740687,0,0,0.0,70.0,0,L336
nlinear,ETTh2,336,720,2021,0.414724,0.444924,0.610492,242640,483840,0.6362,77.1,4,L336
nlinear,ETTh2,336,720,2022,0.403676,0.441381,0.609708,242640,483840,0.6412,77.1,7,L336
nlinear,ETTh2,336,720,2023,0.402396,0.440931,0.613093,242640,483840,0.6441,77.1,13,L336
dlinear,ETTh2,336,720,2021,0.717472,0.601356,0.673535,485280,967680,0.7516,81.9,6,L336
dlinear,ETTh2,336,720,2022,0.714615,0.59993,0.664458,485280,967680,0.7803,81.9,8,L336
dlinear,ETTh2,336,720,2023,0.669935,0.580578,0.661195,485280,967680,0.765,81.9,4,L336
rlinear,ETTh2,336,720,2021,0.3959,0.433245,0.607783,242642,483840,0.8355,77.7,9,L336
rlinear,ETTh2,336,720,2022,0.396169,0.43315,0.605583,242642,483840,0.8411,77.7,7,L336
rlinear,ETTh2,336,720,2023,0.397559,0.433635,0.605598,242642,483840,0.8245,77.7,6,L336
fits,ETTh2,336,720,2021,0.39138,0.427,0.651303,11352,44352,0.9573,76.1,20,L336
fits,ETTh2,336,720,2022,0.390888,0.426719,0.650927,11352,44352,0.9858,76.1,20,L336
fits,ETTh2,336,720,2023,0.391535,0.42716,0.651417,11352,44352,0.9952,76.1,20,L336
patchtst,ETTh2,336,720,2021,0.438481,0.455937,0.658582,2006802,0,3.3977,183.4,4,L336
patchtst,ETTh2,336,720,2022,0.406393,0.439868,0.658193,2006802,0,3.3711,183.4,4,L336
patchtst,ETTh2,336,720,2023,0.418093,0.444598,0.682525,2006802,0,3.3837,183.4,4,L336
naive,ETTm1,336,96,2021,1.213897,0.664785,1.249652,0,0,0.0,67.8,0,L336
naive,ETTm1,336,96,2022,1.213897,0.664785,1.249652,0,0,0.0,67.8,0,L336
naive,ETTm1,336,96,2023,1.213897,0.664785,1.249652,0,0,0.0,67.8,0,L336
nlinear,ETTm1,336,96,2021,0.302889,0.344742,0.390734,32352,64512,2.7664,70.4,8,L336
nlinear,ETTm1,336,96,2022,0.306063,0.348037,0.389657,32352,64512,2.7745,70.4,6,L336
nlinear,ETTm1,336,96,2023,0.305856,0.347816,0.390799,32352,64512,2.8191,70.4,8,L336
dlinear,ETTm1,336,96,2021,0.299964,0.343433,0.380239,64704,129024,3.5441,71.3,9,L336
dlinear,ETTm1,336,96,2022,0.301302,0.344318,0.381058,64704,129024,3.471,71.3,7,L336
dlinear,ETTm1,336,96,2023,0.299532,0.343562,0.381428,64704,129024,3.2613,71.3,12,L336
rlinear,ETTm1,336,96,2021,0.303292,0.344987,0.389572,32354,64512,3.6755,70.1,7,L336
rlinear,ETTm1,336,96,2022,0.302055,0.34402,0.389153,32354,64512,3.6471,70.1,8,L336
rlinear,ETTm1,336,96,2023,0.309402,0.349744,0.391752,32354,64512,3.7122,70.1,5,L336
fits,ETTm1,336,96,2021,0.303709,0.345712,0.395406,4644,18144,4.0426,70.8,18,L336
fits,ETTm1,336,96,2022,0.303908,0.345854,0.394967,4644,18144,3.9465,70.8,7,L336
fits,ETTm1,336,96,2023,0.303344,0.345771,0.395028,4644,18144,3.8765,70.8,7,L336
patchtst,ETTm1,336,96,2021,0.313854,0.358883,0.391209,328866,0,14.1054,154.1,9,L336
patchtst,ETTm1,336,96,2022,0.288445,0.343849,0.373039,328866,0,14.1335,154.1,5,L336
patchtst,ETTm1,336,96,2023,0.304921,0.354388,0.392966,328866,0,14.0625,154.1,7,L336
naive,ETTm1,336,192,2021,1.261195,0.690363,1.36594,0,0,0.0,68.1,0,L336
naive,ETTm1,336,192,2022,1.261195,0.690363,1.36594,0,0,0.0,68.1,0,L336
naive,ETTm1,336,192,2023,1.261195,0.690363,1.36594,0,0,0.0,68.1,0,L336
nlinear,ETTm1,336,192,2021,0.339892,0.367324,0.506452,64704,129024,3.3085,71.4,9,L336
nlinear,ETTm1,336,192,2022,0.346754,0.373381,0.505588,64704,129024,3.3211,71.4,5,L336
nlinear,ETTm1,336,192,2023,0.342165,0.369283,0.507435,64704,129024,3.2904,71.4,6,L336
dlinear,ETTm1,336,192,2021,0.338577,0.367903,0.487997,129408,258048,3.5146,72.9,6,L336
dlinear,ETTm1,336,192,2022,0.335184,0.364999,0.488574,129408,258048,3.4889,72.9,8,L336
dlinear,ETTm1,336,192,2023,0.338577,0.371558,0.486184,129408,258048,3.3355,72.9,6,L336
rlinear,ETTm1,336,192,2021,0.336688,0.364343,0.507185,64706,129024,4.2475,71.1,20,L336
rlinear,ETTm1,336,192,2022,0.341233,0.368869,0.506389,64706,129024,4.3761,71.1,5,L336
rlinear,ETTm1,336,192,2023,0.336977,0.364534,0.506296,64706,129024,4.3179,71.1,10,L336
fits,ETTm1,336,192,2021,0.338258,0.365719,0.511621,5676,22176,3.7258,71.6,7,L336
fits,ETTm1,336,192,2022,0.337875,0.365485,0.511388,5676,22176,3.8817,71.6,18,L336
fits,ETTm1,336,192,2023,0.338492,0.365724,0.511059,5676,22176,4.7579,71.6,6,L336
patchtst,ETTm1,336,192,2021,0.346261,0.382668,0.502272,587010,0,14.3359,158.4,5,L336
patchtst,ETTm1,336,192,2022,0.346036,0.383179,0.521188,587010,0,14.6056,158.4,6,L336
patchtst,ETTm1,336,192,2023,0.343656,0.377443,0.506381,587010,0,14.0491,158.4,4,L336
naive,ETTm1,336,336,2021,1.286579,0.707238,1.510174,0,0,0.0,68.6,0,L336
naive,ETTm1,336,336,2022,1.286579,0.707238,1.510174,0,0,0.0,68.6,0,L336
naive,ETTm1,336,336,2023,1.286579,0.707238,1.510174,0,0,0.0,68.6,0,L336
nlinear,ETTm1,336,336,2021,0.375273,0.387267,0.651258,113232,225792,2.7175,73.0,7,L336
nlinear,ETTm1,336,336,2022,0.373298,0.386273,0.650741,113232,225792,3.0138,73.0,10,L336
nlinear,ETTm1,336,336,2023,0.372275,0.385362,0.652119,113232,225792,3.3297,73.0,10,L336
dlinear,ETTm1,336,336,2021,0.371735,0.389244,0.611393,226464,451584,3.8768,75.4,7,L336
dlinear,ETTm1,336,336,2022,0.372085,0.390214,0.607732,226464,451584,3.7088,75.4,7,L336
dlinear,ETTm1,336,336,2023,0.370985,0.389097,0.611141,226464,451584,3.2167,75.4,8,L336
rlinear,ETTm1,336,336,2021,0.373537,0.386119,0.651698,113234,225792,3.4912,72.7,7,L336
rlinear,ETTm1,336,336,2022,0.373588,0.386409,0.651479,113234,225792,3.5147,72.7,6,L336
rlinear,ETTm1,336,336,2023,0.37235,0.385172,0.650672,113234,225792,3.7654,72.7,9,L336
fits,ETTm1,336,336,2021,0.372278,0.384959,0.655977,7224,28224,4.66,72.8,17,L336
fits,ETTm1,336,336,2022,0.372202,0.384935,0.655735,7224,28224,3.9883,72.8,18,L336
fits,ETTm1,336,336,2023,0.372206,0.384953,0.655569,7224,28224,4.1327,72.8,17,L336
patchtst,ETTm1,336,336,2021,0.368668,0.394258,0.639581,974226,0,14.5213,165.1,4,L336
patchtst,ETTm1,336,336,2022,0.386105,0.404174,0.662282,974226,0,14.5554,165.1,4,L336
patchtst,ETTm1,336,336,2023,0.387964,0.404666,0.675532,974226,0,14.1993,165.1,4,L336
naive,ETTm1,336,720,2021,1.322312,0.729468,1.832082,0,0,0.0,70.0,0,L336
naive,ETTm1,336,720,2022,1.322312,0.729468,1.832082,0,0,0.0,70.0,0,L336
naive,ETTm1,336,720,2023,1.322312,0.729468,1.832082,0,0,0.0,70.0,0,L336
nlinear,ETTm1,336,720,2021,0.429649,0.418208,0.9618,242640,483840,2.7539,77.1,9,L336
nlinear,ETTm1,336,720,2022,0.433949,0.421058,0.962582,242640,483840,2.9229,77.1,6,L336
nlinear,ETTm1,336,720,2023,0.429272,0.418453,0.9605,242640,483840,3.3607,77.1,9,L336
dlinear,ETTm1,336,720,2021,0.426149,0.42214,0.861249,485280,967680,3.888,81.9,7,L336
dlinear,ETTm1,336,720,2022,0.424715,0.420329,0.864203,485280,967680,3.875,81.9,10,L336
dlinear,ETTm1,336,720,2023,0.432495,0.430892,0.850567,485280,967680,3.3673,81.9,5,L336
rlinear,ETTm1,336,720,2021,0.429021,0.417512,0.961007,242642,483840,3.7829,77.7,9,L336
rlinear,ETTm1,336,720,2022,0.433975,0.419546,0.962283,242642,483840,3.744,77.7,6,L336
rlinear,ETTm1,336,720,2023,0.429295,0.417392,0.9609,242642,483840,3.7876,77.7,8,L336
fits,ETTm1,336,720,2021,0.427541,0.416351,0.963891,11352,44352,4.7163,76.1,17,L336
fits,ETTm1,336,720,2022,0.427525,0.416356,0.963894,11352,44352,4.1549,76.1,17,L336
fits,ETTm1,336,720,2023,0.427525,0.416325,0.963746,11352,44352,4.3823,76.1,17,L336
patchtst,ETTm1,336,720,2021,0.432247,0.439096,1.015452,2006802,0,15.2123,183.4,4,L336
patchtst,ETTm1,336,720,2022,0.434546,0.439253,1.011142,2006802,0,15.0927,183.4,5,L336
patchtst,ETTm1,336,720,2023,0.420692,0.429161,0.995388,2006802,0,15.0349,183.4,4,L336
naive,ETTm2,336,96,2021,0.266462,0.327765,0.206417,0,0,0.0,67.8,0,L336
naive,ETTm2,336,96,2022,0.266462,0.327765,0.206417,0,0,0.0,67.8,0,L336
naive,ETTm2,336,96,2023,0.266462,0.327765,0.206417,0,0,0.0,67.8,0,L336
nlinear,ETTm2,336,96,2021,0.166958,0.256837,0.118223,32352,64512,182.657,70.4,9,L336
nlinear,ETTm2,336,96,2022,0.167999,0.257187,0.118272,32352,64512,20.2854,70.4,7,L336
nlinear,ETTm2,336,96,2023,0.166795,0.256731,0.118244,32352,64512,3.5906,70.4,13,L336
dlinear,ETTm2,336,96,2021,0.16689,0.262398,0.118895,64704,129024,4.1826,71.3,7,L336
dlinear,ETTm2,336,96,2022,0.170067,0.265883,0.119143,64704,129024,4.8412,71.3,7,L336
dlinear,ETTm2,336,96,2023,0.169977,0.265723,0.11861,64704,129024,3.8188,71.3,7,L336
rlinear,ETTm2,336,96,2021,0.165846,0.255342,0.117591,32354,64512,4.1564,70.1,9,L336
rlinear,ETTm2,336,96,2022,0.165829,0.255214,0.11758,32354,64512,3.7147,70.1,10,L336
rlinear,ETTm2,336,96,2023,0.165756,0.255315,0.117708,32354,64512,3.5639,70.1,14,L336
fits,ETTm2,336,96,2021,0.166939,0.256354,0.117906,4644,18144,3.9688,70.8,19,L336
fits,ETTm2,336,96,2022,0.167049,0.256359,0.117938,4644,18144,4.1591,70.8,18,L336
fits,ETTm2,336,96,2023,0.16735,0.256382,0.11786,4644,18144,3.5485,70.8,6,L336
patchtst,ETTm2,336,96,2021,0.179459,0.262899,0.128796,328866,0,13.7177,154.1,5,L336
patchtst,ETTm2,336,96,2022,0.175022,0.262793,0.128633,328866,0,14.152,154.1,6,L336
patchtst,ETTm2,336,96,2023,0.176079,0.261303,0.125512,328866,0,14.2651,154.1,6,L336
naive,ETTm2,336,192,2021,0.34,0.370673,0.252151,0,0,0.0,68.1,0,L336
naive,ETTm2,336,192,2022,0.34,0.370673,0.252151,0,0,0.0,68.1,0,L336
naive,ETTm2,336,192,2023,0.34,0.370673,0.252151,0,0,0.0,68.1,0,L336
nlinear,ETTm2,336,192,2021,0.222162,0.294211,0.157564,64704,129024,2.6135,71.4,15,L336
nlinear,ETTm2,336,192,2022,0.221691,0.293875,0.157438,64704,129024,2.6868,71.4,11,L336
nlinear,ETTm2,336,192,2023,0.22135,0.293749,0.157421,64704,129024,3.2032,71.4,11,L336
dlinear,ETTm2,336,192,2021,0.229341,0.307214,0.160576,129408,258048,3.9846,72.9,5,L336
dlinear,ETTm2,336,192,2022,0.234753,0.316423,0.162878,129408,258048,3.8104,72.9,10,L336
dlinear,ETTm2,336,192,2023,0.222561,0.299284,0.156739,129408,258048,3.5074,72.9,7,L336
rlinear,ETTm2,336,192,2021,0.220779,0.292418,0.157243,64706,129024,3.9463,71.1,9,L336
rlinear,ETTm2,336,192,2022,0.221326,0.292367,0.157231,64706,129024,4.0255,71.1,9,L336
rlinear,ETTm2,336,192,2023,0.220684,0.292447,0.157373,64706,129024,4.2935,71.1,10,L336
fits,ETTm2,336,192,2021,0.222195,0.292943,0.157418,5676,22176,4.6531,71.6,17,L336
fits,ETTm2,336,192,2022,0.222059,0.292771,0.157405,5676,22176,3.6618,71.6,17,L336
fits,ETTm2,336,192,2023,0.222013,0.292808,0.157311,5676,22176,4.3496,71.6,19,L336
patchtst,ETTm2,336,192,2021,0.247919,0.312997,0.177673,587010,0,1141.692,158.4,5,L336
patchtst,ETTm2,336,192,2022,0.232075,0.30318,0.177863,587010,0,14.2903,158.4,4,L336
patchtst,ETTm2,336,192,2023,0.248301,0.308072,0.176075,587010,0,14.527,158.4,5,L336
naive,ETTm2,336,336,2021,0.412055,0.409911,0.303116,0,0,0.0,68.6,0,L336
naive,ETTm2,336,336,2022,0.412055,0.409911,0.303116,0,0,0.0,68.6,0,L336
naive,ETTm2,336,336,2023,0.412055,0.409911,0.303116,0,0,0.0,68.6,0,L336
nlinear,ETTm2,336,336,2021,0.27603,0.329308,0.200499,113232,225792,3.3922,73.0,11,L336
nlinear,ETTm2,336,336,2022,0.276136,0.329442,0.200587,113232,225792,3.2682,73.0,12,L336
nlinear,ETTm2,336,336,2023,0.276409,0.32914,0.200281,113232,225792,2.782,73.0,8,L336
dlinear,ETTm2,336,336,2021,0.309843,0.37001,0.217043,226464,451584,3.3804,75.4,9,L336
dlinear,ETTm2,336,336,2022,0.278961,0.337044,0.201632,226464,451584,3.1447,75.4,6,L336
dlinear,ETTm2,336,336,2023,0.324223,0.379363,0.222724,226464,451584,3.1127,75.4,4,L336
rlinear,ETTm2,336,336,2021,0.274611,0.327346,0.200545,113234,225792,4.3577,72.7,9,L336
rlinear,ETTm2,336,336,2022,0.274531,0.32767,0.200721,113234,225792,4.5275,72.7,13,L336
rlinear,ETTm2,336,336,2023,0.274811,0.327369,0.200528,113234,225792,4.3701,72.7,8,L336
fits,ETTm2,336,336,2021,0.27488,0.327051,0.200371,7224,28224,4.1905,72.8,17,L336
fits,ETTm2,336,336,2022,0.274952,0.327,0.200442,7224,28224,4.7098,72.8,17,L336
fits,ETTm2,336,336,2023,0.27492,0.327094,0.200423,7224,28224,4.4815,72.8,17,L336
patchtst,ETTm2,336,336,2021,0.300359,0.342656,0.221209,974226,0,14.2856,165.1,4,L336
patchtst,ETTm2,336,336,2022,0.317049,0.354862,0.222543,974226,0,14.7944,165.1,5,L336
patchtst,ETTm2,336,336,2023,0.313165,0.351959,0.235553,974226,0,14.6555,165.1,6,L336
naive,ETTm2,336,720,2021,0.521559,0.465622,0.381235,0,0,0.0,70.0,0,L336
naive,ETTm2,336,720,2022,0.521559,0.465622,0.381235,0,0,0.0,70.0,0,L336
naive,ETTm2,336,720,2023,0.521559,0.465622,0.381235,0,0,0.0,70.0,0,L336
nlinear,ETTm2,336,720,2021,0.370558,0.386062,0.266225,242640,483840,2.7082,77.1,9,L336
nlinear,ETTm2,336,720,2022,0.370693,0.386192,0.266216,242640,483840,2.6808,77.1,9,L336
nlinear,ETTm2,336,720,2023,0.370413,0.386093,0.266276,242640,483840,2.7528,77.1,10,L336
dlinear,ETTm2,336,720,2021,0.446999,0.451943,0.308185,485280,967680,3.915,81.9,4,L336
dlinear,ETTm2,336,720,2022,0.413577,0.431694,0.291152,485280,967680,3.9754,81.9,6,L336
dlinear,ETTm2,336,720,2023,0.431482,0.444545,0.299195,485280,967680,3.8839,81.9,7,L336
rlinear,ETTm2,336,720,2021,0.368788,0.384203,0.266264,242642,483840,4.2058,77.7,11,L336
rlinear,ETTm2,336,720,2022,0.369086,0.384338,0.266166,242642,483840,4.0172,77.7,9,L336
rlinear,ETTm2,336,720,2023,0.36883,0.384199,0.26631,242642,483840,3.9936,77.7,10,L336
fits,ETTm2,336,720,2021,0.368288,0.382857,0.266338,11352,44352,4.7418,76.1,17,L336
fits,ETTm2,336,720,2022,0.368328,0.382852,0.26643,11352,44352,4.4046,76.1,17,L336
fits,ETTm2,336,720,2023,0.368383,0.382946,0.266445,11352,44352,46.1767,76.1,17,L336
patchtst,ETTm2,336,720,2021,0.393663,0.407724,0.287512,2006802,0,15.1981,183.4,4,L336
patchtst,ETTm2,336,720,2022,0.379599,0.394867,0.278282,2006802,0,15.2844,183.4,4,L336
patchtst,ETTm2,336,720,2023,0.387662,0.406048,0.275871,2006802,0,15.1865,183.4,5,L336
naive,weather,336,96,2021,0.259125,0.254221,0.890019,0,0,0.0,69.0,0,L336
naive,weather,336,96,2022,0.259125,0.254221,0.890019,0,0,0.0,69.0,0,L336
naive,weather,336,96,2023,0.259125,0.254221,0.890019,0,0,0.0,69.0,0,L336
nlinear,weather,336,96,2021,0.17318,0.222707,0.436868,32352,64512,3.0113,73.8,11,L336
nlinear,weather,336,96,2022,0.174954,0.225678,0.437104,32352,64512,3.7053,73.8,7,L336
nlinear,weather,336,96,2023,0.173021,0.222153,0.437043,32352,64512,3.8899,73.8,11,L336
dlinear,weather,336,96,2021,0.174003,0.234758,0.423894,64704,129024,4.4452,75.5,8,L336
dlinear,weather,336,96,2022,0.173657,0.233949,0.424308,64704,129024,3.6809,75.5,9,L336
dlinear,weather,336,96,2023,0.17431,0.235491,0.423097,64704,129024,3.4241,75.5,9,L336
rlinear,weather,336,96,2021,0.174266,0.22391,0.436699,32354,64512,4.0448,74.3,11,L336
rlinear,weather,336,96,2022,0.174454,0.224161,0.436977,32354,64512,4.6104,74.3,12,L336
rlinear,weather,336,96,2023,0.175233,0.224991,0.436811,32354,64512,4.8294,74.3,8,L336
fits,weather,336,96,2021,0.176305,0.227574,0.441884,4644,18144,4.6676,78.0,13,L336
fits,weather,336,96,2022,0.176316,0.22758,0.441873,4644,18144,4.3086,78.0,19,L336
fits,weather,336,96,2023,0.176386,0.227703,0.441923,4644,18144,5.0193,78.0,10,L336
patchtst,weather,336,96,2021,0.149217,0.19794,0.393086,328866,0,37.4654,315.8,8,L336
patchtst,weather,336,96,2022,0.149165,0.196725,0.404523,328866,0,37.5216,315.8,10,L336
patchtst,weather,336,96,2023,0.147407,0.195031,0.40868,328866,0,37.4793,315.8,5,L336
naive,weather,336,192,2021,0.309216,0.29175,0.928036,0,0,0.0,70.1,0,L336
naive,weather,336,192,2022,0.309216,0.29175,0.928036,0,0,0.0,70.1,0,L336
naive,weather,336,192,2023,0.309216,0.29175,0.928036,0,0,0.0,70.1,0,L336
nlinear,weather,336,192,2021,0.2177,0.260853,0.505797,64704,129024,3.6899,75.9,9,L336
nlinear,weather,336,192,2022,0.217187,0.260165,0.505789,64704,129024,3.6635,75.9,9,L336
nlinear,weather,336,192,2023,0.217545,0.260246,0.505937,64704,129024,3.4281,75.9,14,L336
dlinear,weather,336,192,2021,0.216259,0.275472,0.481252,129408,258048,62.3809,78.4,9,L336
dlinear,weather,336,192,2022,0.217205,0.276705,0.48216,129408,258048,3.744,78.4,6,L336
dlinear,weather,336,192,2023,0.216145,0.273475,0.482286,129408,258048,4.1599,78.4,7,L336
rlinear,weather,336,192,2021,0.217529,0.260076,0.504311,64706,129024,7.0276,76.2,9,L336
rlinear,weather,336,192,2022,0.217815,0.260381,0.504482,64706,129024,4.2122,76.2,9,L336
rlinear,weather,336,192,2023,0.218022,0.260278,0.504606,64706,129024,3.962,76.2,8,L336
fits,weather,336,192,2021,0.219355,0.262589,0.508632,5676,22176,4.2696,80.4,16,L336
fits,weather,336,192,2022,0.219279,0.262525,0.508604,5676,22176,4.9859,80.4,9,L336
fits,weather,336,192,2023,0.219215,0.262503,0.508554,5676,22176,5.0864,80.4,8,L336
patchtst,weather,336,192,2021,0.196487,0.241913,0.46707,587010,0,37.8098,321.1,5,L336
patchtst,weather,336,192,2022,0.195871,0.241927,0.467915,587010,0,37.8803,320.5,6,L336
patchtst,weather,336,192,2023,0.192784,0.239573,0.46918,587010,0,37.8269,320.5,5,L336
naive,weather,336,336,2021,0.376412,0.337716,1.043232,0,0,0.0,71.6,0,L336
naive,weather,336,336,2022,0.376412,0.337716,1.043232,0,0,0.0,71.6,0,L336
naive,weather,336,336,2023,0.376412,0.337716,1.043232,0,0,0.0,71.6,0,L336
nlinear,weather,336,336,2021,0.265594,0.295756,0.586248,113232,225792,3.2935,79.0,13,L336
nlinear,weather,336,336,2022,0.265677,0.295815,0.586314,113232,225792,3.9095,79.0,14,L336
nlinear,weather,336,336,2023,0.265416,0.295498,0.586197,113232,225792,3.8093,79.0,11,L336
dlinear,weather,336,336,2021,0.261716,0.312933,0.543855,226464,451584,3.5969,82.6,7,L336
dlinear,weather,336,336,2022,0.260526,0.309896,0.546272,226464,451584,3.6231,82.6,13,L336
dlinear,weather,336,336,2023,0.262952,0.315182,0.543914,226464,451584,3.6273,82.6,8,L336
rlinear,weather,336,336,2021,0.265226,0.294814,0.583767,113234,225792,4.9778,79.8,11,L336
rlinear,weather,336,336,2022,0.265257,0.294827,0.583862,113234,225792,5.1014,79.8,12,L336
rlinear,weather,336,336,2023,0.265213,0.294805,0.583558,113234,225792,4.1213,79.8,8,L336
fits,weather,336,336,2021,0.266599,0.296648,0.587685,7224,28224,4.4857,84.0,17,L336
fits,weather,336,336,2022,0.266625,0.296664,0.587619,7224,28224,5.1288,84.0,17,L336
fits,weather,336,336,2023,0.266573,0.296756,0.587651,7224,28224,4.8334,84.0,6,L336
patchtst,weather,336,336,2021,0.246437,0.282636,0.541813,974226,0,38.4684,328.0,5,L336
patchtst,weather,336,336,2022,0.247902,0.278978,0.552586,974226,0,38.5583,327.7,4,L336
patchtst,weather,336,336,2023,0.249642,0.28789,0.554005,974226,0,38.5119,327.7,6,L336
naive,weather,336,720,2021,0.4652,0.39352,1.229541,0,0,0.0,75.8,0,L336
naive,weather,336,720,2022,0.4652,0.39352,1.229541,0,0,0.0,75.8,0,L336
naive,weather,336,720,2023,0.4652,0.39352,1.229541,0,0,0.0,75.8,0,L336
nlinear,weather,336,720,2021,0.33428,0.344055,0.684329,242640,483840,3.869,87.3,10,L336
nlinear,weather,336,720,2022,0.334515,0.344361,0.684782,242640,483840,3.8899,87.3,12,L336
nlinear,weather,336,720,2023,0.334704,0.344522,0.684781,242640,483840,3.6993,87.3,13,L336
dlinear,weather,336,720,2021,0.337411,0.380996,0.612174,485280,967680,3.8986,94.9,4,L336
dlinear,weather,336,720,2022,0.337222,0.380817,0.618952,485280,967680,3.8686,94.9,4,L336
dlinear,weather,336,720,2023,0.325117,0.364997,0.618209,485280,967680,3.9086,94.9,7,L336
rlinear,weather,336,720,2021,0.333236,0.342009,0.68101,242642,483840,4.3474,91.1,10,L336
rlinear,weather,336,720,2022,0.33321,0.341998,0.68139,242642,483840,5.3234,91.1,10,L336
rlinear,weather,336,720,2023,0.333856,0.342694,0.681021,242642,483840,5.2959,91.1,8,L336
fits,weather,336,720,2021,0.334342,0.343353,0.68453,11352,44352,4.4089,96.3,14,L336
fits,weather,336,720,2022,0.334302,0.343398,0.68449,11352,44352,4.3868,96.3,9,L336
fits,weather,336,720,2023,0.334391,0.34343,0.684558,11352,44352,5.6079,96.3,17,L336
patchtst,weather,336,720,2021,0.321687,0.332827,0.645091,2006802,0,40.1504,350.7,5,L336
patchtst,weather,336,720,2022,0.329149,0.339361,0.655726,2006802,0,40.1038,350.1,5,L336
patchtst,weather,336,720,2023,0.337571,0.345227,0.661707,2006802,0,40.1191,350.1,6,L336
naive,ETTh1,96,96,2021,1.294371,0.713181,1.560809,0,0,0.0,0.4,0,L96
naive,ETTh1,96,96,2022,1.294371,0.713181,1.560809,0,0,0.0,0.4,0,L96
naive,ETTh1,96,96,2023,1.294371,0.713181,1.560809,0,0,0.0,0.4,0,L96
nlinear,ETTh1,96,96,2021,0.394883,0.403497,0.705974,9312,18432,0.654,69.2,9,L96
nlinear,ETTh1,96,96,2022,0.40061,0.409019,0.708254,9312,18432,0.5619,69.2,5,L96
nlinear,ETTh1,96,96,2023,0.399202,0.40741,0.707281,9312,18432,0.6227,69.2,6,L96
dlinear,ETTh1,96,96,2021,0.386808,0.398826,0.664466,18624,36864,0.7821,69.5,9,L96
dlinear,ETTh1,96,96,2022,0.392,0.40707,0.660831,18624,36864,0.69,69.5,5,L96
dlinear,ETTh1,96,96,2023,0.392525,0.406396,0.65969,18624,36864,0.6311,69.5,5,L96
rlinear,ETTh1,96,96,2021,0.390801,0.398686,0.706922,9314,18432,0.7277,69.1,19,L96
rlinear,ETTh1,96,96,2022,0.391059,0.398917,0.70749,9314,18432,0.7506,69.1,20,L96
rlinear,ETTh1,96,96,2023,0.390956,0.398849,0.707108,9314,18432,0.7759,69.1,20,L96
fits,ETTh1,96,96,2021,0.407822,0.417026,0.735922,624,2304,0.845,68.7,20,L96
fits,ETTh1,96,96,2022,0.409507,0.417493,0.733253,624,2304,0.8001,68.7,20,L96
fits,ETTh1,96,96,2023,0.408329,0.416653,0.732285,624,2304,1.0105,68.7,20,L96
patchtst,ETTh1,96,96,2021,0.376803,0.395746,0.688518,142626,0,3.754,103.6,4,L96
patchtst,ETTh1,96,96,2022,0.378084,0.396054,0.691456,142626,0,3.1342,103.6,5,L96
patchtst,ETTh1,96,96,2023,0.372628,0.396522,0.702952,142626,0,3.0405,103.6,5,L96
naive,ETTh1,96,192,2021,1.32488,0.733101,1.880851,0,0,0.0,67.9,0,L96
naive,ETTh1,96,192,2022,1.32488,0.733101,1.880851,0,0,0.0,67.9,0,L96
naive,ETTh1,96,192,2023,1.32488,0.733101,1.880851,0,0,0.0,67.9,0,L96
nlinear,ETTh1,96,192,2021,0.444843,0.43202,1.006336,18624,36864,0.6532,69.8,9,L96
nlinear,ETTh1,96,192,2022,0.446559,0.432921,1.006582,18624,36864,0.679,69.8,7,L96
nlinear,ETTh1,96,192,2023,0.447674,0.433984,1.006181,18624,36864,0.7703,69.8,7,L96
dlinear,ETTh1,96,192,2021,0.438038,0.431582,0.904938,37248,73728,0.8571,70.4,7,L96
dlinear,ETTh1,96,192,2022,0.437977,0.431638,0.903454,37248,73728,0.8567,70.4,8,L96
dlinear,ETTh1,96,192,2023,0.443216,0.438156,0.898861,37248,73728,0.8884,70.4,5,L96
rlinear,ETTh1,96,192,2021,0.441947,0.427974,1.005208,18626,36864,0.9171,69.8,20,L96
rlinear,ETTh1,96,192,2022,0.442094,0.428021,1.005181,18626,36864,0.8905,69.8,20,L96
rlinear,ETTh1,96,192,2023,0.443633,0.429732,1.004678,18626,36864,0.8645,69.8,6,L96
fits,ETTh1,96,192,2021,0.458902,0.445361,1.034588,936,3456,1.1182,69.5,20,L96
fits,ETTh1,96,192,2022,0.459855,0.446729,1.036192,936,3456,1.1094,69.5,20,L96
fits,ETTh1,96,192,2023,0.457231,0.444555,1.030766,936,3456,1.1199,69.5,20,L96
patchtst,ETTh1,96,192,2021,0.441825,0.432576,1.001647,216450,0,3.0155,105.0,4,L96
patchtst,ETTh1,96,192,2022,0.442088,0.435195,1.002017,216450,0,2.9244,105.0,4,L96
patchtst,ETTh1,96,192,2023,0.441661,0.439368,1.020723,216450,0,2.9954,105.0,10,L96
naive,ETTh1,96,336,2021,1.329927,0.745972,2.251628,0,0,0.0,68.4,0,L96
naive,ETTh1,96,336,2022,1.329927,0.745972,2.251628,0,0,0.0,68.4,0,L96
naive,ETTh1,96,336,2023,1.329927,0.745972,2.251628,0,0,0.0,68.4,0,L96
nlinear,ETTh1,96,336,2021,0.487399,0.453625,1.295884,32592,64512,0.6637,70.8,8,L96
nlinear,ETTh1,96,336,2022,0.489495,0.455554,1.296494,32592,64512,0.6951,70.8,6,L96
nlinear,ETTh1,96,336,2023,0.486716,0.452871,1.296633,32592,64512,0.7486,70.8,20,L96
dlinear,ETTh1,96,336,2021,0.488374,0.465915,1.094382,65184,129024,0.9397,71.7,6,L96
dlinear,ETTh1,96,336,2022,0.489918,0.466543,1.09934,65184,129024,0.9507,71.7,5,L96
dlinear,ETTh1,96,336,2023,0.483138,0.459559,1.109447,65184,129024,0.9382,71.7,8,L96
rlinear,ETTh1,96,336,2021,0.485578,0.450415,1.293071,32594,64512,1.0057,70.8,20,L96
rlinear,ETTh1,96,336,2022,0.485441,0.450301,1.293063,32594,64512,1.0164,70.8,20,L96
rlinear,ETTh1,96,336,2023,0.485644,0.450472,1.29326,32594,64512,1.0179,70.8,20,L96
fits,ETTh1,96,336,2021,0.49881,0.465271,1.316549,1404,5184,1.1339,70.7,20,L96
fits,ETTh1,96,336,2022,0.50407,0.471589,1.333535,1404,5184,0.8095,70.7,20,L96
fits,ETTh1,96,336,2023,0.508345,0.474433,1.33971,1404,5184,0.8107,70.7,20,L96
patchtst,ETTh1,96,336,2021,0.504972,0.467268,1.296188,327186,0,3.7443,107.2,5,L96
patchtst,ETTh1,96,336,2022,0.504774,0.469509,1.297701,327186,0,3.7234,107.2,5,L96
patchtst,ETTh1,96,336,2023,0.510356,0.471655,1.304555,327186,0,3.7194,107.2,6,L96
naive,ETTh1,96,720,2021,1.335121,0.755045,2.609958,0,0,0.0,69.8,0,L96
naive,ETTh1,96,720,2022,1.335121,0.755045,2.609958,0,0,0.0,69.8,0,L96
naive,ETTh1,96,720,2023,1.335121,0.755045,2.609958,0,0,0.0,69.8,0,L96
nlinear,ETTh1,96,720,2021,0.482519,0.471807,1.567547,69840,138240,0.743,73.5,9,L96
nlinear,ETTh1,96,720,2022,0.482381,0.471685,1.567876,69840,138240,0.7066,73.5,20,L96
nlinear,ETTh1,96,720,2023,0.482318,0.471632,1.567773,69840,138240,0.6231,73.5,20,L96
dlinear,ETTh1,96,720,2021,0.512145,0.507206,1.258276,139680,276480,0.8729,75.3,6,L96
dlinear,ETTh1,96,720,2022,0.507289,0.503324,1.263788,139680,276480,0.8259,75.3,9,L96
dlinear,ETTh1,96,720,2023,0.50959,0.505376,1.265149,139680,276480,0.8634,75.3,6,L96
rlinear,ETTh1,96,720,2021,0.487312,0.474457,1.561842,69842,138240,0.8314,74.3,19,L96
rlinear,ETTh1,96,720,2022,0.487447,0.474479,1.561794,69842,138240,0.7806,74.3,20,L96
rlinear,ETTh1,96,720,2023,0.487157,0.474318,1.561914,69842,138240,0.7986,74.3,20,L96
fits,ETTh1,96,720,2021,0.498341,0.48815,1.604683,2652,9792,0.9405,73.9,20,L96
fits,ETTh1,96,720,2022,0.488175,0.482953,1.595942,2652,9792,1.0591,73.9,20,L96
fits,ETTh1,96,720,2023,0.502057,0.493854,1.620883,2652,9792,1.0695,73.9,20,L96
patchtst,ETTh1,96,720,2021,0.552165,0.506976,1.569656,622482,0,2.81,112.8,8,L96
patchtst,ETTh1,96,720,2022,0.509296,0.493975,1.580968,622482,0,2.8899,113.0,5,L96
patchtst,ETTh1,96,720,2023,0.525826,0.497776,1.600504,622482,0,2.8227,113.0,6,L96
naive,ETTh2,96,96,2021,0.431657,0.421621,0.31586,0,0,0.0,67.5,0,L96
naive,ETTh2,96,96,2022,0.431657,0.421621,0.31586,0,0,0.0,67.5,0,L96
naive,ETTh2,96,96,2023,0.431657,0.421621,0.31586,0,0,0.0,67.5,0,L96
nlinear,ETTh2,96,96,2021,0.298353,0.347142,0.217115,9312,18432,0.607,69.2,19,L96
nlinear,ETTh2,96,96,2022,0.298571,0.347244,0.21744,9312,18432,0.6028,69.2,19,L96
nlinear,ETTh2,96,96,2023,0.298328,0.347041,0.217431,9312,18432,0.6785,69.2,19,L96
dlinear,ETTh2,96,96,2021,0.3273,0.379675,0.232295,18624,36864,0.8608,69.5,4,L96
dlinear,ETTh2,96,96,2022,0.328996,0.38488,0.231367,18624,36864,0.8766,69.5,8,L96
dlinear,ETTh2,96,96,2023,0.325996,0.381823,0.233117,18624,36864,0.8823,69.5,4,L96
rlinear,ETTh2,96,96,2021,0.295219,0.343981,0.215062,9314,18432,0.9267,69.1,19,L96
rlinear,ETTh2,96,96,2022,0.295749,0.344394,0.21538,9314,18432,0.9328,69.1,19,L96
rlinear,ETTh2,96,96,2023,0.295046,0.343832,0.21534,9314,18432,0.9168,69.1,19,L96
fits,ETTh2,96,96,2021,0.302785,0.349619,0.223821,624,2304,0.998,68.7,20,L96
fits,ETTh2,96,96,2022,0.302793,0.348344,0.222733,624,2304,0.7954,68.7,20,L96
fits,ETTh2,96,96,2023,0.302793,0.34926,0.222801,624,2304,0.7848,68.7,20,L96
patchtst,ETTh2,96,96,2021,0.304041,0.349741,0.217102,142626,0,3.7429,103.6,4,L96
patchtst,ETTh2,96,96,2022,0.290871,0.340836,0.22045,142626,0,3.6871,103.6,4,L96
patchtst,ETTh2,96,96,2023,0.297765,0.34593,0.210777,142626,0,3.6221,103.6,5,L96
naive,ETTh2,96,192,2021,0.533722,0.472538,0.385814,0,0,0.0,67.9,0,L96
naive,ETTh2,96,192,2022,0.533722,0.472538,0.385814,0,0,0.0,67.9,0,L96
naive,ETTh2,96,192,2023,0.533722,0.472538,0.385814,0,0,0.0,67.9,0,L96
nlinear,ETTh2,96,192,2021,0.384682,0.399236,0.279079,18624,36864,0.7946,69.8,20,L96
nlinear,ETTh2,96,192,2022,0.38477,0.399241,0.279223,18624,36864,0.8096,69.8,19,L96
nlinear,ETTh2,96,192,2023,0.3844,0.398829,0.278946,18624,36864,0.7381,69.8,20,L96
dlinear,ETTh2,96,192,2021,0.44496,0.454472,0.309649,37248,73728,0.8803,70.4,7,L96
dlinear,ETTh2,96,192,2022,0.453698,0.45971,0.313987,37248,73728,0.7792,70.4,7,L96
dlinear,ETTh2,96,192,2023,0.451578,0.457275,0.315895,37248,73728,0.8171,70.4,5,L96
rlinear,ETTh2,96,192,2021,0.381514,0.395989,0.277362,18626,36864,0.9271,69.8,20,L96
rlinear,ETTh2,96,192,2022,0.381543,0.396069,0.277224,18626,36864,0.8787,69.8,19,L96
rlinear,ETTh2,96,192,2023,0.381532,0.395905,0.27736,18626,36864,0.8859,69.8,19,L96
fits,ETTh2,96,192,2021,0.387185,0.399161,0.28483,936,3456,0.8589,69.5,20,L96
fits,ETTh2,96,192,2022,0.386516,0.397942,0.283696,936,3456,1.0167,69.5,20,L96
fits,ETTh2,96,192,2023,0.385814,0.398292,0.28427,936,3456,1.1283,69.5,20,L96
patchtst,ETTh2,96,192,2021,0.382684,0.397775,0.27199,216450,0,2.9829,105.0,4,L96
patchtst,ETTh2,96,192,2022,0.371216,0.390771,0.274929,216450,0,3.0427,105.0,4,L96
patchtst,ETTh2,96,192,2023,0.374819,0.394162,0.275653,216450,0,2.996,105.0,5,L96
naive,ETTh2,96,336,2021,0.597277,0.510865,0.477049,0,0,0.0,68.4,0,L96
naive,ETTh2,96,336,2022,0.597277,0.510865,0.477049,0,0,0.0,68.4,0,L96
naive,ETTh2,96,336,2023,0.597277,0.510865,0.477049,0,0,0.0,68.4,0,L96
nlinear,ETTh2,96,336,2021,0.423602,0.433717,0.367308,32592,64512,0.6591,70.8,20,L96
nlinear,ETTh2,96,336,2022,0.425943,0.434657,0.3673,32592,64512,0.6893,70.8,8,L96
nlinear,ETTh2,96,336,2023,0.424051,0.433919,0.367674,32592,64512,0.6795,70.8,17,L96
dlinear,ETTh2,96,336,2021,0.575536,0.531481,0.422078,65184,129024,0.8246,71.7,5,L96
dlinear,ETTh2,96,336,2022,0.568753,0.528436,0.419994,65184,129024,0.8451,71.7,7,L96
dlinear,ETTh2,96,336,2023,0.556464,0.521944,0.417221,65184,129024,0.8231,71.7,7,L96
rlinear,ETTh2,96,336,2021,0.420734,0.430819,0.363579,32594,64512,0.9815,70.8,20,L96
rlinear,ETTh2,96,336,2022,0.420964,0.430825,0.363595,32594,64512,1.0057,70.8,18,L96
rlinear,ETTh2,96,336,2023,0.421082,0.431011,0.363542,32594,64512,1.0221,70.8,20,L96
fits,ETTh2,96,336,2021,0.424617,0.431933,0.376062,1404,5184,1.0861,70.7,20,L96
fits,ETTh2,96,336,2022,0.424226,0.431971,0.376214,1404,5184,1.0239,70.7,20,L96
fits,ETTh2,96,336,2023,0.423379,0.432184,0.376446,1404,5184,0.8215,70.7,20,L96
patchtst,ETTh2,96,336,2021,0.425122,0.43217,0.357497,327186,0,3.72,107.2,5,L96
patchtst,ETTh2,96,336,2022,0.422835,0.43362,0.359115,327186,0,3.7011,107.2,5,L96
patchtst,ETTh2,96,336,2023,0.425534,0.43055,0.360529,327186,0,3.6552,107.2,5,L96
naive,ETTh2,96,720,2021,0.594472,0.518991,0.740687,0,0,0.0,69.8,0,L96
naive,ETTh2,96,720,2022,0.594472,0.518991,0.740687,0,0,0.0,69.8,0,L96
naive,ETTh2,96,720,2023,0.594472,0.518991,0.740687,0,0,0.0,69.8,0,L96
nlinear,ETTh2,96,720,2021,0.43021,0.449438,0.61285,69840,138240,0.7115,73.5,8,L96
nlinear,ETTh2,96,720,2022,0.430803,0.449882,0.613266,69840,138240,0.7145,73.5,10,L96
nlinear,ETTh2,96,720,2023,0.430234,0.449402,0.613061,69840,138240,0.732,73.5,9,L96
dlinear,ETTh2,96,720,2021,0.760382,0.625633,0.668304,139680,276480,0.8948,75.3,5,L96
dlinear,ETTh2,96,720,2022,0.81132,0.64858,0.679534,139680,276480,0.8891,75.3,5,L96
dlinear,ETTh2,96,720,2023,0.771522,0.632173,0.672409,139680,276480,0.8636,75.3,7,L96
rlinear,ETTh2,96,720,2021,0.427004,0.444655,0.605815,69842,138240,0.9931,74.3,19,L96
rlinear,ETTh2,96,720,2022,0.427121,0.444757,0.606111,69842,138240,0.78,74.3,19,L96
rlinear,ETTh2,96,720,2023,0.4269,0.444582,0.606605,69842,138240,0.7753,74.3,20,L96
fits,ETTh2,96,720,2021,0.429138,0.44449,0.641558,2652,9792,0.9387,73.9,20,L96
fits,ETTh2,96,720,2022,0.428363,0.443683,0.640702,2652,9792,0.9207,73.9,20,L96
fits,ETTh2,96,720,2023,0.428633,0.444621,0.641881,2652,9792,0.9591,73.9,20,L96
patchtst,ETTh2,96,720,2021,0.419022,0.439681,0.601785,622482,0,3.5825,112.8,5,L96
patchtst,ETTh2,96,720,2022,0.436128,0.448072,0.591055,622482,0,3.5632,113.0,5,L96
patchtst,ETTh2,96,720,2023,0.42053,0.440029,0.596591,622482,0,3.6038,113.0,4,L96
naive,ETTm1,96,96,2021,1.213897,0.664785,1.249652,0,0,0.0,67.5,0,L96
naive,ETTm1,96,96,2022,1.213897,0.664785,1.249652,0,0,0.0,67.5,0,L96
naive,ETTm1,96,96,2023,1.213897,0.664785,1.249652,0,0,0.0,67.5,0,L96
nlinear,ETTm1,96,96,2021,0.349578,0.370027,0.408289,9312,18432,2.7877,69.2,5,L96
nlinear,ETTm1,96,96,2022,0.351152,0.372923,0.410846,9312,18432,2.5784,69.2,5,L96
nlinear,ETTm1,96,96,2023,0.347712,0.369233,0.407634,9312,18432,2.2872,69.2,4,L96
dlinear,ETTm1,96,96,2021,0.345881,0.375181,0.39852,18624,36864,2.7311,69.5,4,L96
dlinear,ETTm1,96,96,2022,0.342339,0.36992,0.395009,18624,36864,2.9241,69.5,6,L96
dlinear,ETTm1,96,96,2023,0.342893,0.370886,0.395554,18624,36864,2.7343,69.5,6,L96
rlinear,ETTm1,96,96,2021,0.35084,0.372139,0.407828,9314,18432,2.9552,69.1,5,L96
rlinear,ETTm1,96,96,2022,0.352348,0.373994,0.409428,9314,18432,2.9619,69.1,5,L96
rlinear,ETTm1,96,96,2023,0.351388,0.372983,0.408517,9314,18432,3.5191,69.1,6,L96
fits,ETTm1,96,96,2021,0.362675,0.381148,0.420271,624,2304,4.1433,68.7,16,L96
fits,ETTm1,96,96,2022,0.362298,0.380553,0.419961,624,2304,4.0692,68.7,6,L96
fits,ETTm1,96,96,2023,0.362496,0.380956,0.420006,624,2304,3.2688,68.7,8,L96
patchtst,ETTm1,96,96,2021,0.326839,0.366406,0.409623,142626,0,14.4617,103.6,4,L96
patchtst,ETTm1,96,96,2022,0.326216,0.364714,0.412166,142626,0,12.7191,103.6,5,L96
patchtst,ETTm1,96,96,2023,0.31965,0.359881,0.407865,142626,0,12.1238,103.6,5,L96
naive,ETTm1,96,192,2021,1.261195,0.690363,1.36594,0,0,0.0,67.9,0,L96
naive,ETTm1,96,192,2022,1.261195,0.690363,1.36594,0,0,0.0,67.9,0,L96
naive,ETTm1,96,192,2023,1.261195,0.690363,1.36594,0,0,0.0,67.9,0,L96
nlinear,ETTm1,96,192,2021,0.390369,0.391599,0.537462,18624,36864,3.2897,69.8,11,L96
nlinear,ETTm1,96,192,2022,0.390582,0.391115,0.536452,18624,36864,3.2933,69.8,6,L96
nlinear,ETTm1,96,192,2023,0.390674,0.391655,0.536587,18624,36864,3.3148,69.8,9,L96
dlinear,ETTm1,96,192,2021,0.37968,0.391525,0.507021,37248,73728,3.8801,70.4,5,L96
dlinear,ETTm1,96,192,2022,0.38177,0.391094,0.509402,37248,73728,3.4805,70.4,7,L96
dlinear,ETTm1,96,192,2023,0.381807,0.39164,0.510671,37248,73728,3.6375,70.4,5,L96
rlinear,ETTm1,96,192,2021,0.392221,0.392973,0.537309,18626,36864,3.7314,69.8,5,L96
rlinear,ETTm1,96,192,2022,0.389766,0.390694,0.535433,18626,36864,3.7613,69.8,6,L96
rlinear,ETTm1,96,192,2023,0.390916,0.392361,0.536748,18626,36864,4.0434,69.8,9,L96
fits,ETTm1,96,192,2021,0.39761,0.39675,0.544809,936,3456,4.5561,69.5,6,L96
fits,ETTm1,96,192,2022,0.397229,0.396486,0.544643,936,3456,4.6058,69.5,8,L96
fits,ETTm1,96,192,2023,0.397439,0.39661,0.544689,936,3456,3.6899,69.5,9,L96
patchtst,ETTm1,96,192,2021,0.371639,0.392339,0.520682,216450,0,14.3437,105.0,8,L96
patchtst,ETTm1,96,192,2022,0.366054,0.389076,0.521546,216450,0,12.418,105.0,7,L96
patchtst,ETTm1,96,192,2023,0.369084,0.390868,0.52385,216450,0,15.4013,105.0,6,L96
naive,ETTm1,96,336,2021,1.286579,0.707238,1.510174,0,0,0.0,68.4,0,L96
naive,ETTm1,96,336,2022,1.286579,0.707238,1.510174,0,0,0.0,68.4,0,L96
naive,ETTm1,96,336,2023,1.286579,0.707238,1.510174,0,0,0.0,68.4,0,L96
nlinear,ETTm1,96,336,2021,0.423123,0.413056,0.687829,32592,64512,2.9341,70.8,10,L96
nlinear,ETTm1,96,336,2022,0.423069,0.41206,0.687408,32592,64512,2.971,70.8,6,L96
nlinear,ETTm1,96,336,2023,0.425897,0.414657,0.687213,32592,64512,2.9599,70.8,7,L96
dlinear,ETTm1,96,336,2021,0.41291,0.412813,0.63535,65184,129024,3.4354,71.7,8,L96
dlinear,ETTm1,96,336,2022,0.412549,0.412736,0.635068,65184,129024,3.779,71.7,10,L96
dlinear,ETTm1,96,336,2023,0.413091,0.414475,0.633006,65184,129024,3.8569,71.7,8,L96
rlinear,ETTm1,96,336,2021,0.423822,0.413949,0.688087,32594,64512,4.2375,70.8,10,L96
rlinear,ETTm1,96,336,2022,0.423105,0.413104,0.687413,32594,64512,3.9541,70.8,6,L96
rlinear,ETTm1,96,336,2023,0.424504,0.414279,0.687646,32594,64512,3.9149,70.8,7,L96
fits,ETTm1,96,336,2021,0.428671,0.416915,0.694291,1404,5184,3.5056,70.7,6,L96
fits,ETTm1,96,336,2022,0.428776,0.417195,0.694511,1404,5184,3.6594,70.7,6,L96
fits,ETTm1,96,336,2023,0.428852,0.417092,0.694709,1404,5184,4.3165,70.7,5,L96
patchtst,ETTm1,96,336,2021,0.389558,0.405865,0.667125,327186,0,12.9456,107.2,5,L96
patchtst,ETTm1,96,336,2022,0.392178,0.406705,0.659353,327186,0,15.3859,107.2,6,L96
patchtst,ETTm1,96,336,2023,0.392092,0.407977,0.666866,327186,0,12.232,107.2,8,L96
naive,ETTm1,96,720,2021,1.322312,0.729468,1.832082,0,0,0.0,69.8,0,L96
naive,ETTm1,96,720,2022,1.322312,0.729468,1.832082,0,0,0.0,69.8,0,L96
naive,ETTm1,96,720,2023,1.322312,0.729468,1.832082,0,0,0.0,69.8,0,L96
nlinear,ETTm1,96,720,2021,0.485829,0.448005,1.006933,69840,138240,3.1216,73.5,8,L96
nlinear,ETTm1,96,720,2022,0.485794,0.448266,1.007342,69840,138240,3.3183,73.5,7,L96
nlinear,ETTm1,96,720,2023,0.485788,0.448087,1.006646,69840,138240,3.3389,73.5,6,L96
dlinear,ETTm1,96,720,2021,0.473932,0.453305,0.872644,139680,276480,3.7347,75.3,5,L96
dlinear,ETTm1,96,720,2022,0.471283,0.448732,0.879462,139680,276480,3.7535,75.3,10,L96
dlinear,ETTm1,96,720,2023,0.477906,0.458208,0.862249,139680,276480,3.6315,75.3,5,L96
rlinear,ETTm1,96,720,2021,0.486833,0.449085,1.00835,69842,138240,3.5318,74.3,8,L96
rlinear,ETTm1,96,720,2022,0.486782,0.448477,1.007762,69842,138240,3.5195,74.3,6,L96
rlinear,ETTm1,96,720,2023,0.487042,0.44907,1.007694,69842,138240,3.8492,74.3,6,L96
fits,ETTm1,96,720,2021,0.488442,0.449684,1.01154,2652,9792,4.7787,73.9,5,L96
fits,ETTm1,96,720,2022,0.488679,0.450124,1.012002,2652,9792,4.7743,73.9,8,L96
fits,ETTm1,96,720,2023,0.488596,0.450007,1.011923,2652,9792,4.7778,73.9,5,L96
patchtst,ETTm1,96,720,2021,0.452487,0.44255,0.977533,622482,0,14.7574,112.8,7,L96
patchtst,ETTm1,96,720,2022,0.450419,0.441702,0.97671,622482,0,12.1572,113.0,6,L96
patchtst,ETTm1,96,720,2023,0.449509,0.441732,0.968608,622482,0,14.7656,113.0,9,L96
naive,ETTm2,96,96,2021,0.266462,0.327765,0.206417,0,0,0.0,67.5,0,L96
naive,ETTm2,96,96,2022,0.266462,0.327765,0.206417,0,0,0.0,67.5,0,L96
naive,ETTm2,96,96,2023,0.266462,0.327765,0.206417,0,0,0.0,67.5,0,L96
nlinear,ETTm2,96,96,2021,0.183199,0.266286,0.128663,9312,18432,2.3159,69.2,7,L96
nlinear,ETTm2,96,96,2022,0.183165,0.265647,0.128049,9312,18432,2.2879,69.2,7,L96
nlinear,ETTm2,96,96,2023,0.183401,0.26735,0.128788,9312,18432,2.5243,69.2,6,L96
dlinear,ETTm2,96,96,2021,0.193071,0.291572,0.132348,18624,36864,2.7776,69.5,9,L96
dlinear,ETTm2,96,96,2022,0.189571,0.285201,0.130685,18624,36864,2.8078,69.5,7,L96
dlinear,ETTm2,96,96,2023,0.189649,0.284621,0.131071,18624,36864,3.3556,69.5,4,L96
rlinear,ETTm2,96,96,2021,0.182519,0.265508,0.127993,9314,18432,3.7635,69.1,9,L96
rlinear,ETTm2,96,96,2022,0.182628,0.265698,0.12808,9314,18432,3.7702,69.1,8,L96
rlinear,ETTm2,96,96,2023,0.182606,0.265671,0.128118,9314,18432,3.5338,69.1,11,L96
fits,ETTm2,96,96,2021,0.185674,0.269251,0.130087,624,2304,3.2823,68.7,5,L96
fits,ETTm2,96,96,2022,0.18583,0.269492,0.13014,624,2304,3.2825,68.7,5,L96
fits,ETTm2,96,96,2023,0.185636,0.269267,0.129993,624,2304,3.1682,68.7,5,L96
patchtst,ETTm2,96,96,2021,0.177421,0.260363,0.124482,142626,0,13.1802,103.6,5,L96
patchtst,ETTm2,96,96,2022,0.178023,0.261099,0.12419,142626,0,12.6996,103.6,8,L96
patchtst,ETTm2,96,96,2023,0.176121,0.260281,0.12448,142626,0,14.4111,103.6,7,L96
naive,ETTm2,96,192,2021,0.34,0.370673,0.252151,0,0,0.0,67.9,0,L96
naive,ETTm2,96,192,2022,0.34,0.370673,0.252151,0,0,0.0,67.9,0,L96
naive,ETTm2,96,192,2023,0.34,0.370673,0.252151,0,0,0.0,67.9,0,L96
nlinear,ETTm2,96,192,2021,0.246949,0.304747,0.171561,18624,36864,2.8501,69.8,6,L96
nlinear,ETTm2,96,192,2022,0.247084,0.305022,0.17167,18624,36864,3.055,69.8,7,L96
nlinear,ETTm2,96,192,2023,0.247392,0.305739,0.172275,18624,36864,2.8066,69.8,8,L96
dlinear,ETTm2,96,192,2021,0.270403,0.347308,0.181178,37248,73728,3.5598,70.4,4,L96
dlinear,ETTm2,96,192,2022,0.280252,0.357665,0.185244,37248,73728,3.9154,70.4,6,L96
dlinear,ETTm2,96,192,2023,0.267864,0.33755,0.180592,37248,73728,3.9364,70.4,4,L96
rlinear,ETTm2,96,192,2021,0.247179,0.305571,0.172407,18626,36864,4.3487,69.8,6,L96
rlinear,ETTm2,96,192,2022,0.2473,0.305473,0.172194,18626,36864,4.1199,69.8,7,L96
rlinear,ETTm2,96,192,2023,0.247178,0.305531,0.172359,18626,36864,3.6053,69.8,9,L96
fits,ETTm2,96,192,2021,0.249078,0.307299,0.173358,936,3456,3.3852,69.5,5,L96
fits,ETTm2,96,192,2022,0.248801,0.306999,0.173199,936,3456,3.3244,69.5,7,L96
fits,ETTm2,96,192,2023,0.2488,0.307064,0.173326,936,3456,3.4519,69.5,7,L96
patchtst,ETTm2,96,192,2021,0.247693,0.306873,0.169539,216450,0,12.3636,105.0,5,L96
patchtst,ETTm2,96,192,2022,0.242929,0.301457,0.16868,216450,0,14.6836,105.0,5,L96
patchtst,ETTm2,96,192,2023,0.243227,0.304276,0.169392,216450,0,14.3114,105.0,5,L96
naive,ETTm2,96,336,2021,0.412055,0.409911,0.303116,0,0,0.0,68.4,0,L96
naive,ETTm2,96,336,2022,0.412055,0.409911,0.303116,0,0,0.0,68.4,0,L96
naive,ETTm2,96,336,2023,0.412055,0.409911,0.303116,0,0,0.0,68.4,0,L96
nlinear,ETTm2,96,336,2021,0.308372,0.344234,0.218733,32592,64512,2.9401,70.8,9,L96
nlinear,ETTm2,96,336,2022,0.308849,0.344755,0.21924,32592,64512,2.9979,70.8,5,L96
nlinear,ETTm2,96,336,2023,0.308297,0.344001,0.218289,32592,64512,2.9843,70.8,7,L96
dlinear,ETTm2,96,336,2021,0.364789,0.413734,0.243094,65184,129024,3.6609,71.7,8,L96
dlinear,ETTm2,96,336,2022,0.335798,0.388756,0.230562,65184,129024,3.8064,71.7,4,L96
dlinear,ETTm2,96,336,2023,0.343826,0.396394,0.233576,65184,129024,3.8985,71.7,7,L96
rlinear,ETTm2,96,336,2021,0.308157,0.343707,0.219777,32594,64512,4.2463,70.8,7,L96
rlinear,ETTm2,96,336,2022,0.308812,0.344165,0.219798,32594,64512,4.1522,70.8,6,L96
rlinear,ETTm2,96,336,2023,0.308507,0.344072,0.219747,32594,64512,4.0255,70.8,7,L96
fits,ETTm2,96,336,2021,0.308735,0.344042,0.218538,1404,5184,3.4099,70.7,6,L96
fits,ETTm2,96,336,2022,0.308587,0.343808,0.218454,1404,5184,3.503,70.7,7,L96
fits,ETTm2,96,336,2023,0.308561,0.3438,0.218543,1404,5184,3.491,70.7,5,L96
patchtst,ETTm2,96,336,2021,0.316241,0.352612,0.218956,327186,0,14.5949,107.2,6,L96
patchtst,ETTm2,96,336,2022,0.30809,0.344948,0.216767,327186,0,12.31,107.2,5,L96
patchtst,ETTm2,96,336,2023,0.305993,0.344325,0.216579,327186,0,13.7347,107.2,4,L96
naive,ETTm2,96,720,2021,0.521559,0.465622,0.381235,0,0,0.0,69.8,0,L96
naive,ETTm2,96,720,2022,0.521559,0.465622,0.381235,0,0,0.0,69.8,0,L96
naive,ETTm2,96,720,2023,0.521559,0.465622,0.381235,0,0,0.0,69.8,0,L96
nlinear,ETTm2,96,720,2021,0.408844,0.399847,0.290291,69840,138240,3.3395,73.5,8,L96
nlinear,ETTm2,96,720,2022,0.40879,0.399782,0.290343,69840,138240,3.3045,73.5,10,L96
nlinear,ETTm2,96,720,2023,0.409047,0.39994,0.290506,69840,138240,3.1686,73.5,7,L96
dlinear,ETTm2,96,720,2021,0.53952,0.51257,0.349355,139680,276480,3.6459,75.3,7,L96
dlinear,ETTm2,96,720,2022,0.573678,0.532573,0.36437,139680,276480,3.5244,75.3,4,L96
dlinear,ETTm2,96,720,2023,0.468831,0.469971,0.318244,139680,276480,3.6162,75.3,5,L96
rlinear,ETTm2,96,720,2021,0.408502,0.399399,0.290636,69842,138240,4.0146,74.3,18,L96
rlinear,ETTm2,96,720,2022,0.408725,0.399485,0.290693,69842,138240,4.1964,74.3,7,L96
rlinear,ETTm2,96,720,2023,0.408529,0.39934,0.290539,69842,138240,4.2333,74.3,7,L96
fits,ETTm2,96,720,2021,0.409028,0.398845,0.289602,2652,9792,3.9949,73.9,4,L96
fits,ETTm2,96,720,2022,0.408254,0.398568,0.289462,2652,9792,4.2723,73.9,7,L96
fits,ETTm2,96,720,2023,0.408518,0.398554,0.289472,2652,9792,4.2734,73.9,5,L96
patchtst,ETTm2,96,720,2021,0.411644,0.40892,0.288717,622482,0,12.3012,112.8,5,L96
patchtst,ETTm2,96,720,2022,0.404327,0.403113,0.291101,622482,0,14.8038,113.0,4,L96
patchtst,ETTm2,96,720,2023,0.406356,0.403897,0.286637,622482,0,15.3435,113.0,4,L96
naive,weather,96,96,2021,0.259125,0.254221,0.890019,0,0,0.0,68.4,0,L96
naive,weather,96,96,2022,0.259125,0.254221,0.890019,0,0,0.0,68.4,0,L96
naive,weather,96,96,2023,0.259125,0.254221,0.890019,0,0,0.0,68.4,0,L96
nlinear,weather,96,96,2021,0.19522,0.233946,0.484119,9312,18432,2.8623,70.9,11,L96
nlinear,weather,96,96,2022,0.194841,0.233876,0.484044,9312,18432,2.861,70.9,8,L96
nlinear,weather,96,96,2023,0.194923,0.234422,0.483913,9312,18432,2.839,70.9,8,L96
dlinear,weather,96,96,2021,0.195591,0.255008,0.461365,18624,36864,3.7797,71.6,8,L96
dlinear,weather,96,96,2022,0.194922,0.253427,0.461652,18624,36864,4.235,71.6,7,L96
dlinear,weather,96,96,2023,0.199388,0.261675,0.461591,18624,36864,4.2833,71.6,5,L96
rlinear,weather,96,96,2021,0.194983,0.234015,0.48203,9314,18432,4.7804,70.6,11,L96
rlinear,weather,96,96,2022,0.194258,0.233724,0.481785,9314,18432,3.9938,70.6,8,L96
rlinear,weather,96,96,2023,0.194866,0.234106,0.482004,9314,18432,3.9275,70.6,8,L96
fits,weather,96,96,2021,0.197209,0.237526,0.490025,624,2304,4.7099,71.9,19,L96
fits,weather,96,96,2022,0.197402,0.237546,0.489822,624,2304,5.1569,71.9,20,L96
fits,weather,96,96,2023,0.197317,0.237439,0.489897,624,2304,5.6872,71.9,19,L96
patchtst,weather,96,96,2021,0.176572,0.218281,0.435296,142626,0,17.9712,171.0,8,L96
patchtst,weather,96,96,2022,0.17447,0.215424,0.423696,142626,0,18.0349,171.0,10,L96
patchtst,weather,96,96,2023,0.175344,0.217146,0.429866,142626,0,17.9534,171.0,11,L96
naive,weather,96,192,2021,0.309216,0.29175,0.928036,0,0,0.0,69.4,0,L96
naive,weather,96,192,2022,0.309216,0.29175,0.928036,0,0,0.0,69.4,0,L96
naive,weather,96,192,2023,0.309216,0.29175,0.928036,0,0,0.0,69.4,0,L96
nlinear,weather,96,192,2021,0.241135,0.270952,0.559444,18624,36864,3.4047,72.6,11,L96
nlinear,weather,96,192,2022,0.24115,0.27118,0.559165,18624,36864,2.8825,72.6,9,L96
nlinear,weather,96,192,2023,0.241138,0.270918,0.559385,18624,36864,2.925,72.6,10,L96
dlinear,weather,96,192,2021,0.245714,0.30619,0.519214,37248,73728,3.4325,73.7,5,L96
dlinear,weather,96,192,2022,0.236984,0.295271,0.518371,37248,73728,3.492,73.7,8,L96
dlinear,weather,96,192,2023,0.249797,0.315272,0.517978,37248,73728,4.4416,73.7,4,L96
rlinear,weather,96,192,2021,0.240222,0.270155,0.556463,18626,36864,4.826,72.8,7,L96
rlinear,weather,96,192,2022,0.239838,0.269687,0.556193,18626,36864,4.9649,72.8,9,L96
rlinear,weather,96,192,2023,0.24004,0.270009,0.556114,18626,36864,3.9511,72.8,9,L96
fits,weather,96,192,2021,0.241955,0.272774,0.563388,936,3456,4.0916,74.3,19,L96
fits,weather,96,192,2022,0.241934,0.272788,0.563434,936,3456,5.0116,74.3,20,L96
fits,weather,96,192,2023,0.241881,0.272688,0.563597,936,3456,4.21,74.3,20,L96
patchtst,weather,96,192,2021,0.221209,0.257841,0.498871,216450,0,18.0518,172.9,10,L96
patchtst,weather,96,192,2022,0.221507,0.257627,0.498805,216450,0,18.0945,172.9,9,L96
patchtst,weather,96,192,2023,0.221123,0.258303,0.495178,216450,0,18.0994,172.9,9,L96
naive,weather,96,336,2021,0.376412,0.337716,1.043232,0,0,0.0,71.0,0,L96
naive,weather,96,336,2022,0.376412,0.337716,1.043232,0,0,0.0,71.0,0,L96
naive,weather,96,336,2023,0.376412,0.337716,1.043232,0,0,0.0,71.0,0,L96
nlinear,weather,96,336,2021,0.293319,0.307776,0.647992,32592,64512,3.3269,75.1,10,L96
nlinear,weather,96,336,2022,0.293051,0.307792,0.648028,32592,64512,3.6841,75.1,6,L96
nlinear,weather,96,336,2023,0.293139,0.307599,0.647884,32592,64512,3.4739,75.1,11,L96
dlinear,weather,96,336,2021,0.286703,0.337624,0.578123,65184,129024,4.4279,76.8,5,L96
dlinear,weather,96,336,2022,0.282595,0.333088,0.578063,65184,129024,3.6431,76.8,7,L96
dlinear,weather,96,336,2023,0.28479,0.336207,0.578654,65184,129024,3.4293,76.8,5,L96
rlinear,weather,96,336,2021,0.290852,0.306157,0.64315,32594,64512,3.9735,76.5,5,L96
rlinear,weather,96,336,2022,0.291284,0.3063,0.642387,32594,64512,4.069,76.5,6,L96
rlinear,weather,96,336,2023,0.291749,0.306211,0.642435,32594,64512,4.102,76.5,8,L96
fits,weather,96,336,2021,0.293536,0.308601,0.650584,1404,5184,4.9659,77.9,19,L96
fits,weather,96,336,2022,0.293484,0.308578,0.650114,1404,5184,4.3298,77.9,19,L96
fits,weather,96,336,2023,0.293625,0.30862,0.650568,1404,5184,4.6403,77.9,20,L96
patchtst,weather,96,336,2021,0.278923,0.299343,0.590385,327186,0,18.2401,175.9,8,L96
patchtst,weather,96,336,2022,0.278216,0.298722,0.586078,327186,0,18.2072,175.9,7,L96
patchtst,weather,96,336,2023,0.277334,0.297722,0.588648,327186,0,18.1576,175.9,10,L96
naive,weather,96,720,2021,0.4652,0.39352,1.229541,0,0,0.0,75.1,0,L96
naive,weather,96,720,2022,0.4652,0.39352,1.229541,0,0,0.0,75.1,0,L96
naive,weather,96,720,2023,0.4652,0.39352,1.229541,0,0,0.0,75.1,0,L96
nlinear,weather,96,720,2021,0.366142,0.355393,0.769552,69840,138240,3.9468,82.5,10,L96
nlinear,weather,96,720,2022,0.3656,0.355507,0.768671,69840,138240,3.8793,82.5,7,L96
nlinear,weather,96,720,2023,0.366494,0.355621,0.769592,69840,138240,3.8721,82.5,9,L96
dlinear,weather,96,720,2021,0.350582,0.387372,0.656672,139680,276480,3.8456,86.1,5,L96
dlinear,weather,96,720,2022,0.35346,0.392333,0.652938,139680,276480,3.7195,86.1,5,L96
dlinear,weather,96,720,2023,0.344853,0.380756,0.658418,139680,276480,3.6734,86.1,8,L96
rlinear,weather,96,720,2021,0.364198,0.35293,0.76157,69842,138240,4.069,86.4,10,L96
rlinear,weather,96,720,2022,0.363562,0.352862,0.761168,69842,138240,4.9459,86.4,6,L96
rlinear,weather,96,720,2023,0.364308,0.352958,0.761876,69842,138240,5.1505,86.4,10,L96
fits,weather,96,720,2021,0.366119,0.35497,0.770886,2652,9792,4.6887,88.5,20,L96
fits,weather,96,720,2022,0.36614,0.355006,0.770742,2652,9792,4.6224,88.5,19,L96
fits,weather,96,720,2023,0.366166,0.355021,0.770816,2652,9792,4.6722,88.5,20,L96
patchtst,weather,96,720,2021,0.353704,0.348344,0.719287,622482,0,23.2713,184.1,9,L96
patchtst,weather,96,720,2022,0.355937,0.349967,0.725626,622482,0,23.4991,184.1,10,L96
patchtst,weather,96,720,2023,0.355321,0.348522,0.722289,622482,0,18.7588,184.1,7,L96
freqlite,ETTh1,336,96,2021,0.374102,0.394628,0.672235,64997,185420,1.9887,72.5,6,L336
freqlite,ETTh1,336,96,2022,0.372302,0.393909,0.672008,64997,185420,1.9865,72.5,7,L336
freqlite,ETTh1,336,96,2023,0.373516,0.394991,0.671459,64997,185420,1.7912,72.5,6,L336
freqlite,ETTh1,336,192,2021,0.405976,0.413372,0.91674,129989,314444,1.5674,74.0,9,L336
freqlite,ETTh1,336,192,2022,0.415707,0.422847,0.916012,129989,314444,1.5482,74.0,4,L336
freqlite,ETTh1,336,192,2023,0.407131,0.41416,0.915728,129989,314444,1.5412,74.0,7,L336
freqlite,ETTh1,336,336,2021,0.43135,0.429974,1.149181,227477,507980,1.6228,76.8,8,L336
freqlite,ETTh1,336,336,2022,0.432641,0.431365,1.143914,227477,507980,1.5502,76.8,6,L336
freqlite,ETTh1,336,336,2023,0.43109,0.429903,1.150572,227477,507980,1.5552,76.8,7,L336
freqlite,ETTh1,336,720,2021,0.446816,0.460699,1.415669,487445,1024076,1.5464,85.8,5,L336
freqlite,ETTh1,336,720,2022,0.442793,0.45773,1.414282,487445,1024076,1.5076,85.8,8,L336
freqlite,ETTh1,336,720,2023,0.442551,0.457634,1.416597,487445,1024076,1.4703,85.8,9,L336
freqlite,ETTh2,336,96,2021,0.274955,0.336427,0.204194,64997,185420,1.9551,72.5,7,L336
freqlite,ETTh2,336,96,2022,0.274069,0.336486,0.204902,64997,185420,2.1035,72.5,9,L336
freqlite,ETTh2,336,96,2023,0.275353,0.336466,0.204408,64997,185420,2.1277,72.5,7,L336
freqlite,ETTh2,336,192,2021,0.346189,0.382935,0.26781,129989,314444,2.1087,74.0,5,L336
freqlite,ETTh2,336,192,2022,0.335785,0.377487,0.270132,129989,314444,2.0149,74.0,10,L336
freqlite,ETTh2,336,192,2023,0.339506,0.381036,0.272146,129989,314444,2.0857,74.0,5,L336
freqlite,ETTh2,336,336,2021,0.361204,0.401657,0.357146,227477,507980,2.0893,76.8,7,L336
freqlite,ETTh2,336,336,2022,0.361163,0.401587,0.357596,227477,507980,1.6066,76.8,7,L336
freqlite,ETTh2,336,336,2023,0.362564,0.402315,0.356129,227477,507980,1.5001,76.8,7,L336
freqlite,ETTh2,336,720,2021,0.391401,0.42973,0.604094,487445,1024076,1.4883,85.8,20,L336
freqlite,ETTh2,336,720,2022,0.394338,0.430854,0.603071,487445,1024076,1.506,85.8,5,L336
freqlite,ETTh2,336,720,2023,0.391731,0.429836,0.603249,487445,1024076,1.4693,85.8,8,L336
freqlite,ETTm1,336,96,2021,0.301453,0.343284,0.387298,64997,185420,7.1397,72.5,9,L336
freqlite,ETTm1,336,96,2022,0.303169,0.344409,0.388092,64997,185420,8.8624,72.5,7,L336
freqlite,ETTm1,336,96,2023,0.302016,0.343462,0.388449,64997,185420,6.8447,72.5,8,L336
freqlite,ETTm1,336,192,2021,0.34098,0.367107,0.50331,129989,314444,6.5506,74.0,6,L336
freqlite,ETTm1,336,192,2022,0.343815,0.370518,0.506773,129989,314444,6.8387,74.0,4,L336
freqlite,ETTm1,336,192,2023,0.335977,0.363564,0.506257,129989,314444,8.8037,74.0,11,L336
freqlite,ETTm1,336,336,2021,0.372117,0.383983,0.650934,227477,507980,6.5677,76.8,7,L336
freqlite,ETTm1,336,336,2022,0.372393,0.384889,0.648804,227477,507980,6.6825,76.8,7,L336
freqlite,ETTm1,336,336,2023,0.371106,0.383977,0.650183,227477,507980,8.2951,76.8,9,L336
freqlite,ETTm1,336,720,2021,0.428574,0.417239,0.96023,487445,1024076,8.0411,85.8,7,L336
freqlite,ETTm1,336,720,2022,0.427842,0.416364,0.960316,487445,1024076,6.63,85.8,10,L336
freqlite,ETTm1,336,720,2023,0.42754,0.416263,0.960189,487445,1024076,8.109,85.8,9,L336
freqlite,ETTm2,336,96,2021,0.164272,0.252967,0.116313,64997,185420,8.0442,72.5,9,L336
freqlite,ETTm2,336,96,2022,0.163334,0.252281,0.116044,64997,185420,6.2217,72.5,7,L336
freqlite,ETTm2,336,96,2023,0.164555,0.253048,0.116254,64997,185420,6.4581,72.5,7,L336
freqlite,ETTm2,336,192,2021,0.219296,0.290582,0.155917,129989,314444,7.8301,74.0,20,L336
freqlite,ETTm2,336,192,2022,0.219335,0.290442,0.155842,129989,314444,6.9398,74.0,9,L336
freqlite,ETTm2,336,192,2023,0.219534,0.290361,0.155728,129989,314444,8.8816,74.0,10,L336
freqlite,ETTm2,336,336,2021,0.274312,0.325894,0.198814,227477,507980,6.5286,76.8,5,L336
freqlite,ETTm2,336,336,2022,0.273514,0.325618,0.198832,227477,507980,6.5383,76.8,9,L336
freqlite,ETTm2,336,336,2023,0.272716,0.325223,0.199073,227477,507980,8.3885,76.8,9,L336
freqlite,ETTm2,336,720,2021,0.36875,0.383051,0.264712,487445,1024076,8.5638,85.8,5,L336
freqlite,ETTm2,336,720,2022,0.374072,0.384772,0.264622,487445,1024076,6.5512,85.8,4,L336
freqlite,ETTm2,336,720,2023,0.367212,0.382032,0.264707,487445,1024076,6.7159,85.8,7,L336
freqlite,weather,336,96,2021,0.174525,0.224287,0.436985,64997,185420,9.8662,81.2,8,L336
freqlite,weather,336,96,2022,0.173946,0.223712,0.436595,64997,185420,10.4778,81.2,8,L336
freqlite,weather,336,96,2023,0.174059,0.223275,0.436228,64997,185420,7.2083,81.2,8,L336
freqlite,weather,336,192,2021,0.217178,0.259449,0.503911,129989,314444,8.253,83.6,7,L336
freqlite,weather,336,192,2022,0.21787,0.260355,0.50473,129989,314444,9.3792,83.6,9,L336
freqlite,weather,336,192,2023,0.217791,0.260579,0.504912,129989,314444,7.1748,83.6,6,L336
freqlite,weather,336,336,2021,0.265416,0.294771,0.583654,227477,507980,7.4827,89.8,6,L336
freqlite,weather,336,336,2022,0.265164,0.294786,0.583406,227477,507980,8.8645,89.8,8,L336
freqlite,weather,336,336,2023,0.265485,0.295185,0.583811,227477,507980,9.0388,89.8,9,L336
freqlite,weather,336,720,2021,0.333312,0.342054,0.681385,487445,1024076,7.8544,108.6,13,L336
freqlite,weather,336,720,2022,0.33367,0.342457,0.681289,487445,1024076,9.995,108.6,9,L336
freqlite,weather,336,720,2023,0.333192,0.341946,0.681067,487445,1024076,8.0994,108.6,10,L336
freqlite,ETTh1,96,96,2021,0.386561,0.394426,0.699807,18917,49507,1.6518,69.6,7,L96
freqlite,ETTh1,96,96,2022,0.386569,0.394211,0.700226,18917,49507,1.6764,69.6,7,L96
freqlite,ETTh1,96,96,2023,0.385837,0.393791,0.701554,18917,49507,2.0232,69.6,20,L96
freqlite,ETTh1,96,192,2021,0.437571,0.423592,0.999319,37829,86371,2.1456,70.8,8,L96
freqlite,ETTh1,96,192,2022,0.437268,0.423509,0.999729,37829,86371,1.6923,70.8,9,L96
freqlite,ETTh1,96,192,2023,0.437189,0.423366,0.999857,37829,86371,2.1581,70.8,16,L96
freqlite,ETTh1,96,336,2021,0.480718,0.44606,1.287998,66197,141667,1.6493,73.0,20,L96
freqlite,ETTh1,96,336,2022,0.480873,0.446135,1.288189,66197,141667,1.6069,73.0,20,L96
freqlite,ETTh1,96,336,2023,0.480773,0.446072,1.288063,66197,141667,1.6171,73.0,20,L96
freqlite,ETTh1,96,720,2021,0.482166,0.470403,1.557018,141845,289123,1.9338,79.1,18,L96
freqlite,ETTh1,96,720,2022,0.482264,0.47046,1.556849,141845,289123,2.0688,79.1,16,L96
freqlite,ETTh1,96,720,2023,0.482333,0.470472,1.556979,141845,289123,2.0693,79.1,20,L96
freqlite,ETTh2,96,96,2021,0.290305,0.339166,0.210111,18917,49507,1.6312,69.6,19,L96
freqlite,ETTh2,96,96,2022,0.290336,0.339256,0.210195,18917,49507,1.5849,69.6,18,L96
freqlite,ETTh2,96,96,2023,0.290322,0.33915,0.210252,18917,49507,1.5639,69.6,20,L96
freqlite,ETTh2,96,192,2021,0.3765,0.391263,0.271856,37829,86371,1.6982,70.8,7,L96
freqlite,ETTh2,96,192,2022,0.376197,0.391291,0.271894,37829,86371,2.0116,70.8,20,L96
freqlite,ETTh2,96,192,2023,0.376419,0.391485,0.271784,37829,86371,2.1365,70.8,17,L96
freqlite,ETTh2,96,336,2021,0.415949,0.426893,0.357762,66197,141667,1.9997,73.0,19,L96
freqlite,ETTh2,96,336,2022,0.415977,0.426875,0.35771,66197,141667,1.6156,73.0,18,L96
freqlite,ETTh2,96,336,2023,0.415812,0.426768,0.357988,66197,141667,1.604,73.0,20,L96
freqlite,ETTh2,96,720,2021,0.426596,0.442322,0.599243,141845,289123,1.4775,79.1,5,L96
freqlite,ETTh2,96,720,2022,0.423367,0.441476,0.599577,141845,289123,1.5421,79.1,6,L96
freqlite,ETTh2,96,720,2023,0.422154,0.440956,0.599863,141845,289123,1.4809,79.1,18,L96
freqlite,ETTm1,96,96,2021,0.352989,0.372914,0.409136,18917,49507,8.3006,69.6,4,L96
freqlite,ETTm1,96,96,2022,0.349799,0.371957,0.407732,18917,49507,8.1689,69.6,6,L96
freqlite,ETTm1,96,96,2023,0.350652,0.372304,0.408348,18917,49507,7.3633,69.6,6,L96
freqlite,ETTm1,96,192,2021,0.387539,0.38875,0.53255,37829,86371,6.8641,70.8,5,L96
freqlite,ETTm1,96,192,2022,0.390476,0.392317,0.536925,37829,86371,6.8768,70.8,5,L96
freqlite,ETTm1,96,192,2023,0.389853,0.39178,0.536231,37829,86371,8.2297,70.8,5,L96
freqlite,ETTm1,96,336,2021,0.424742,0.414798,0.68757,66197,141667,8.6424,73.0,4,L96
freqlite,ETTm1,96,336,2022,0.422245,0.412295,0.686207,66197,141667,8.4218,73.0,6,L96
freqlite,ETTm1,96,336,2023,0.42278,0.413149,0.687106,66197,141667,6.5838,73.0,8,L96
freqlite,ETTm1,96,720,2021,0.486099,0.448702,1.007198,141845,289123,7.0145,79.1,9,L96
freqlite,ETTm1,96,720,2022,0.48871,0.448966,1.007308,141845,289123,8.823,79.1,4,L96
freqlite,ETTm1,96,720,2023,0.485563,0.448364,1.006781,141845,289123,8.4337,79.1,7,L96
freqlite,ETTm2,96,96,2021,0.182025,0.26477,0.127524,18917,49507,6.393,69.6,6,L96
freqlite,ETTm2,96,96,2022,0.181355,0.263272,0.126325,18917,49507,6.4927,69.6,5,L96
freqlite,ETTm2,96,96,2023,0.181489,0.263702,0.126698,18917,49507,6.8939,69.6,5,L96
freqlite,ETTm2,96,192,2021,0.246359,0.304375,0.171678,37829,86371,8.803,70.8,4,L96
freqlite,ETTm2,96,192,2022,0.24618,0.30421,0.171425,37829,86371,8.5388,70.8,7,L96
freqlite,ETTm2,96,192,2023,0.246459,0.304555,0.171632,37829,86371,6.7002,70.8,8,L96
freqlite,ETTm2,96,336,2021,0.307326,0.342836,0.218894,66197,141667,7.9389,73.0,19,L96
freqlite,ETTm2,96,336,2022,0.307364,0.342585,0.218589,66197,141667,7.179,73.0,8,L96
freqlite,ETTm2,96,336,2023,0.30799,0.343131,0.218372,66197,141667,6.8844,73.0,5,L96
freqlite,ETTm2,96,720,2021,0.407428,0.397963,0.289246,141845,289123,7.8321,79.1,5,L96
freqlite,ETTm2,96,720,2022,0.407486,0.397983,0.289216,141845,289123,8.8551,79.1,6,L96
freqlite,ETTm2,96,720,2023,0.407791,0.398626,0.289679,141845,289123,7.6832,79.1,6,L96
freqlite,weather,96,96,2021,0.194463,0.233596,0.481205,18917,49507,7.0939,73.0,6,L96
freqlite,weather,96,96,2022,0.194942,0.233871,0.481458,18917,49507,7.3516,73.0,7,L96
freqlite,weather,96,96,2023,0.195168,0.234101,0.481942,18917,49507,8.4484,73.0,20,L96
freqlite,weather,96,192,2021,0.23998,0.269942,0.556004,37829,86371,7.9036,77.1,11,L96
freqlite,weather,96,192,2022,0.239957,0.269518,0.555601,37829,86371,9.685,77.1,5,L96
freqlite,weather,96,192,2023,0.239599,0.269673,0.555926,37829,86371,7.9367,77.1,8,L96
freqlite,weather,96,336,2021,0.291768,0.306205,0.64232,66197,141667,8.2459,83.3,20,L96
freqlite,weather,96,336,2022,0.291762,0.3062,0.642385,66197,141667,7.5605,83.3,20,L96
freqlite,weather,96,336,2023,0.29173,0.306195,0.642362,66197,141667,9.6266,83.3,10,L96
freqlite,weather,96,720,2021,0.365,0.353496,0.761001,141845,289123,7.7771,99.7,4,L96
freqlite,weather,96,720,2022,0.363762,0.352876,0.761366,141845,289123,7.5829,99.7,7,L96
freqlite,weather,96,720,2023,0.364291,0.35293,0.761205,141845,289123,8.678,99.7,7,L96
naive,electricity,336,96,2021,1.587703,0.945404,1.407842,0,0,0.0,14.8,0,L336
naive,electricity,336,96,2022,1.587703,0.945404,1.407842,0,0,0.0,14.8,0,L336
naive,electricity,336,96,2023,1.587703,0.945404,1.407842,0,0,0.0,14.8,0,L336
nlinear,electricity,336,96,2021,0.141353,0.237279,0.121394,32352,64512,6.5733,109.4,15,L336
nlinear,electricity,336,96,2022,0.141364,0.23729,0.121413,32352,64512,7.1348,109.4,20,L336
nlinear,electricity,336,96,2023,0.141357,0.237278,0.121397,32352,64512,7.24,109.4,13,L336
dlinear,electricity,336,96,2021,0.140285,0.237649,0.119936,64704,129024,7.1068,120.9,13,L336
dlinear,electricity,336,96,2022,0.140276,0.237643,0.119895,64704,129024,6.754,120.9,16,L336
dlinear,electricity,336,96,2023,0.140243,0.237438,0.119916,64704,129024,7.7809,120.9,13,L336
rlinear,electricity,336,96,2021,0.140774,0.236149,0.120608,32354,64512,7.9172,119.2,15,L336
rlinear,electricity,336,96,2022,0.140785,0.236157,0.120618,32354,64512,7.2047,119.2,20,L336
rlinear,electricity,336,96,2023,0.140786,0.236159,0.120623,32354,64512,6.2343,119.2,20,L336
fits,electricity,336,96,2021,0.187999,0.300815,0.165717,4644,18144,6.6406,151.7,9,L336
fits,electricity,336,96,2022,0.188019,0.300837,0.165724,4644,18144,6.8062,151.7,12,L336
fits,electricity,336,96,2023,0.188024,0.300841,0.165721,4644,18144,6.7911,151.7,10,L336
freqlite,electricity,336,96,2021,0.140357,0.235414,0.120211,64997,185420,9.6357,171.5,13,L336
freqlite,electricity,336,96,2022,0.140351,0.235407,0.120199,64997,185420,9.458,171.5,14,L336
freqlite,electricity,336,96,2023,0.140362,0.235437,0.120205,64997,185420,10.7315,171.5,12,L336
naive,electricity,336,192,2021,1.596046,0.950663,1.416348,0,0,0.0,89.8,0,L336
naive,electricity,336,192,2022,1.596046,0.950663,1.416348,0,0,0.0,89.8,0,L336
naive,electricity,336,192,2023,1.596046,0.950663,1.416348,0,0,0.0,89.8,0,L336
nlinear,electricity,336,192,2021,0.155593,0.249617,0.133217,64704,129024,6.7436,120.5,15,L336
nlinear,electricity,336,192,2022,0.155564,0.249572,0.13318,64704,129024,14.7423,120.5,19,L336
nlinear,electricity,336,192,2023,0.155549,0.249549,0.13317,64704,129024,15.5594,120.5,17,L336
dlinear,electricity,336,192,2021,0.154029,0.250759,0.130694,129408,258048,7.1411,135.7,13,L336
dlinear,electricity,336,192,2022,0.154052,0.25087,0.130693,129408,258048,7.1359,135.7,18,L336
dlinear,electricity,336,192,2023,0.154021,0.250714,0.130698,129408,258048,7.1503,135.7,13,L336
rlinear,electricity,336,192,2021,0.154955,0.24834,0.132297,64706,129024,7.3706,130.6,14,L336
rlinear,electricity,336,192,2022,0.154956,0.248342,0.132292,64706,129024,7.4134,130.6,19,L336
rlinear,electricity,336,192,2023,0.154947,0.248335,0.132281,64706,129024,7.4892,130.6,14,L336
fits,electricity,336,192,2021,0.201004,0.310427,0.176215,5676,22176,7.5169,168.6,10,L336
fits,electricity,336,192,2022,0.200992,0.310429,0.176225,5676,22176,7.5916,168.6,11,L336
fits,electricity,336,192,2023,0.201012,0.310445,0.176233,5676,22176,7.6659,168.6,9,L336
freqlite,electricity,336,192,2021,0.154453,0.247473,0.131789,129989,314444,11.028,183.4,14,L336
freqlite,electricity,336,192,2022,0.154459,0.247484,0.131789,129989,314444,11.0744,183.4,13,L336
freqlite,electricity,336,192,2023,0.15447,0.247506,0.131783,129989,314444,11.0016,183.4,11,L336
naive,electricity,336,336,2021,1.617714,0.961274,1.429686,0,0,0.0,101.9,0,L336
naive,electricity,336,336,2022,1.617714,0.961274,1.429686,0,0,0.0,101.9,0,L336
naive,electricity,336,336,2023,1.617714,0.961274,1.429686,0,0,0.0,101.9,0,L336
nlinear,electricity,336,336,2021,0.172224,0.266243,0.149629,113232,225792,7.465,139.8,17,L336
nlinear,electricity,336,336,2022,0.172229,0.266275,0.149613,113232,225792,7.4234,139.8,14,L336
nlinear,electricity,336,336,2023,0.172262,0.266296,0.14965,113232,225792,7.3869,139.8,13,L336
dlinear,electricity,336,336,2021,0.169667,0.268409,0.145385,226464,451584,7.9543,162.1,20,L336
dlinear,electricity,336,336,2022,0.16963,0.268287,0.145361,226464,451584,7.8737,162.1,14,L336
dlinear,electricity,336,336,2023,0.169661,0.268364,0.145381,226464,451584,7.8897,162.1,12,L336
rlinear,electricity,336,336,2021,0.171624,0.264917,0.148517,113234,225792,8.1806,152.9,17,L336
rlinear,electricity,336,336,2022,0.171622,0.264938,0.148489,113234,225792,8.1779,152.9,13,L336
rlinear,electricity,336,336,2023,0.17163,0.264925,0.148517,113234,225792,8.1703,152.9,17,L336
fits,electricity,336,336,2021,0.216167,0.323353,0.190887,7224,28224,8.3137,200.6,17,L336
fits,electricity,336,336,2022,0.216151,0.323325,0.19087,7224,28224,8.259,200.6,16,L336
fits,electricity,336,336,2023,0.21613,0.323279,0.190834,7224,28224,12.5357,200.6,9,L336
freqlite,electricity,336,336,2021,0.171024,0.263951,0.147898,227477,507980,19.4266,225.7,18,L336
freqlite,electricity,336,336,2022,0.171027,0.26396,0.147892,227477,507980,13.7778,225.7,15,L336
freqlite,electricity,336,336,2023,0.171027,0.263953,0.147893,227477,507980,13.7659,225.7,20,L336
naive,electricity,336,720,2021,1.646619,0.975316,1.452972,0,0,0.0,133.2,0,L336
naive,electricity,336,720,2022,1.646619,0.975316,1.452972,0,0,0.0,133.2,0,L336
naive,electricity,336,720,2023,1.646619,0.975316,1.452972,0,0,0.0,133.2,0,L336
nlinear,electricity,336,720,2021,0.211071,0.298587,0.18237,242640,483840,10.5034,195.2,18,L336
nlinear,electricity,336,720,2022,0.21109,0.298675,0.18234,242640,483840,10.4827,195.2,12,L336
nlinear,electricity,336,720,2023,0.211093,0.298621,0.182372,242640,483840,10.3848,195.2,14,L336
dlinear,electricity,336,720,2021,0.204188,0.301369,0.172437,485280,967680,10.8365,227.7,11,L336
dlinear,electricity,336,720,2022,0.20395,0.300823,0.172428,485280,967680,10.8002,227.7,9,L336
dlinear,electricity,336,720,2023,0.204181,0.301489,0.172448,485280,967680,10.7528,227.7,11,L336
rlinear,electricity,336,720,2021,0.210228,0.296824,0.180167,242642,483840,10.8463,224.9,17,L336
rlinear,electricity,336,720,2022,0.210261,0.296888,0.180163,242642,483840,10.9205,224.9,12,L336
rlinear,electricity,336,720,2023,0.210236,0.296835,0.180159,242642,483840,10.6424,224.9,14,L336
fits,electricity,336,720,2021,0.2518,0.348894,0.219757,11352,44352,11.2941,269.2,14,L336
fits,electricity,336,720,2022,0.251806,0.348903,0.219755,11352,44352,11.1394,269.2,11,L336
fits,electricity,336,720,2023,0.251807,0.348905,0.219771,11352,44352,11.2364,269.2,16,L336
freqlite,electricity,336,720,2021,0.209531,0.295836,0.179379,487445,1024076,20.5105,345.9,12,L336
freqlite,electricity,336,720,2022,0.20955,0.295873,0.179361,487445,1024076,20.5105,345.9,11,L336
freqlite,electricity,336,720,2023,0.209508,0.295792,0.179392,487445,1024076,20.5247,345.9,15,L336
itransformer,ETTh1,336,96,2021,0.405269,0.417523,0.727552,254688,0,3.1812,76.1,4,L336
itransformer,ETTh1,336,96,2022,0.401117,0.415745,0.734882,254688,0,2.9431,76.1,5,L336
itransformer,ETTh1,336,96,2023,0.401166,0.414076,0.732902,254688,0,2.8771,76.1,5,L336
timesnet,ETTh1,336,96,2021,0.456240,0.457090,0.939918,490711,0,17.2765,415.7,4,L336
timesnet,ETTh1,336,96,2022,0.406633,0.432967,0.932079,490711,0,17.5056,213.8,4,L336
timesnet,ETTh1,336,96,2023,0.508307,0.472602,1.026434,490711,0,15.2993,1198.8,4,L336
itransformer,ETTh1,336,192,2021,0.441885,0.441588,0.983566,267072,0,2.9982,76.5,4,L336
itransformer,ETTh1,336,192,2022,0.440825,0.440198,0.974891,267072,0,3.6100,76.5,4,L336
itransformer,ETTh1,336,192,2023,0.458960,0.452693,0.987639,267072,0,3.4620,76.5,4,L336
timesnet,ETTh1,336,192,2021,0.569887,0.518609,1.242167,523063,0,27.6717,1240.8,4,L336
timesnet,ETTh1,336,192,2022,0.509021,0.488419,1.323393,523063,0,38.3454,414.4,4,L336
timesnet,ETTh1,336,192,2023,0.510764,0.491211,1.215297,523063,0,27.8968,1238.1,4,L336
itransformer,ETTh1,336,336,2021,0.461671,0.454457,1.228036,285648,0,10.1270,77.2,4,L336
itransformer,ETTh1,336,336,2022,0.462782,0.455821,1.231674,285648,0,10.1476,77.2,4,L336
itransformer,ETTh1,336,336,2023,0.491013,0.472407,1.307968,285648,0,8.8222,77.2,8,L336
timesnet,ETTh1,336,336,2021,0.719025,0.590461,1.525189,571591,0,24.6117,1233.3,5,L336
timesnet,ETTh1,336,336,2022,0.562526,0.529190,1.512840,571591,0,27.5472,1259.6,4,L336
timesnet,ETTh1,336,336,2023,0.517144,0.497283,1.482438,571591,0,29.2030,1232.2,4,L336
itransformer,ETTh1,336,720,2021,0.475078,0.482534,1.536459,335184,0,9.8894,79.0,4,L336
itransformer,ETTh1,336,720,2022,0.484415,0.488957,1.521692,335184,0,9.5237,79.0,4,L336
itransformer,ETTh1,336,720,2023,0.496810,0.496171,1.575618,335184,0,10.0571,79.0,4,L336
timesnet,ETTh1,336,720,2021,0.686172,0.584329,1.884369,700999,0,35.0128,505.1,5,L336
timesnet,ETTh1,336,720,2022,0.695373,0.586223,1.849730,700999,0,37.4613,509.1,4,L336
timesnet,ETTh1,336,720,2023,0.637086,0.559971,1.959663,700999,0,28.8205,506.0,4,L336
itransformer,ETTh2,336,96,2021,0.319878,0.368913,0.238285,254688,0,3.1084,76.1,5,L336
itransformer,ETTh2,336,96,2022,0.308006,0.365918,0.233985,254688,0,2.8688,76.1,4,L336
itransformer,ETTh2,336,96,2023,0.336948,0.378238,0.230910,254688,0,2.8413,76.1,4,L336
timesnet,ETTh2,336,96,2021,0.383668,0.420766,0.281670,490711,0,16.2482,411.0,4,L336
timesnet,ETTh2,336,96,2022,0.404786,0.426775,0.303522,490711,0,16.3406,415.6,4,L336
timesnet,ETTh2,336,96,2023,0.430821,0.433756,0.320691,490711,0,44.2083,1221.2,4,L336
itransformer,ETTh2,336,192,2021,0.382402,0.406807,0.305482,267072,0,3.6954,76.5,4,L336
itransformer,ETTh2,336,192,2022,0.418041,0.424791,0.295993,267072,0,3.5923,76.5,5,L336
itransformer,ETTh2,336,192,2023,0.402969,0.420920,0.299687,267072,0,3.7266,76.5,4,L336
timesnet,ETTh2,336,192,2021,0.420032,0.436434,0.449413,523063,0,116.2596,1239.5,4,L336
timesnet,ETTh2,336,192,2022,0.450021,0.452881,0.321240,523063,0,48.5512,1235.7,4,L336
timesnet,ETTh2,336,192,2023,0.405247,0.433687,0.390990,523063,0,20.8343,1235.7,4,L336
itransformer,ETTh2,336,336,2021,0.413269,0.430594,0.402914,285648,0,3.4789,77.2,4,L336
itransformer,ETTh2,336,336,2022,0.408406,0.429847,0.391891,285648,0,3.1268,77.2,4,L336
itransformer,ETTh2,336,336,2023,0.407187,0.428841,0.403852,285648,0,3.0687,77.2,4,L336
timesnet,ETTh2,336,336,2021,0.432282,0.446511,0.493657,571591,0,39.9465,1256.5,4,L336
timesnet,ETTh2,336,336,2022,0.445750,0.458244,0.564089,571591,0,63.8223,1256.5,4,L336
timesnet,ETTh2,336,336,2023,0.416251,0.435229,0.476920,571591,0,41.3667,1251.9,4,L336
itransformer,ETTh2,336,720,2021,0.441755,0.456645,0.630060,335184,0,2.9083,79.0,4,L336
itransformer,ETTh2,336,720,2022,0.445776,0.459081,0.631250,335184,0,2.8907,79.0,4,L336
itransformer,ETTh2,336,720,2023,0.436717,0.456992,0.638686,335184,0,3.4604,79.0,4,L336
timesnet,ETTh2,336,720,2021,0.474842,0.480031,0.820792,700999,0,34.8643,306.6,4,L336
timesnet,ETTh2,336,720,2022,0.485684,0.481708,0.799534,700999,0,39.3193,506.2,5,L336
timesnet,ETTh2,336,720,2023,0.476625,0.480218,0.733756,700999,0,34.0443,506.0,4,L336
itransformer,ETTm1,336,96,2021,0.314346,0.363674,0.378508,254688,0,13.5984,76.1,4,L336
itransformer,ETTm1,336,96,2022,0.322266,0.363143,0.383560,254688,0,13.0726,76.1,6,L336
itransformer,ETTm1,336,96,2023,0.333860,0.365505,0.376358,254688,0,13.7070,76.1,7,L336
timesnet,ETTm1,336,96,2021,0.409371,0.411524,0.477880,490711,0,76.1875,212.3,4,L336
timesnet,ETTm1,336,96,2022,0.351821,0.387783,0.465277,490711,0,65.9071,410.6,4,L336
timesnet,ETTm1,336,96,2023,0.378476,0.390628,0.489000,490711,0,166.6548,1225.0,4,L336
itransformer,ETTm1,336,192,2021,0.362423,0.388526,0.506634,267072,0,13.7481,76.5,5,L336
itransformer,ETTm1,336,192,2022,0.356755,0.384300,0.499655,267072,0,13.6269,76.5,5,L336
itransformer,ETTm1,336,192,2023,0.348698,0.382811,0.494051,267072,0,12.9524,76.5,4,L336
timesnet,ETTm1,336,192,2021,0.515978,0.464886,0.717040,523063,0,77.7175,1206.1,4,L336
timesnet,ETTm1,336,192,2022,0.461138,0.427791,0.706919,523063,0,238.2985,1235.6,4,L336
timesnet,ETTm1,336,192,2023,0.438540,0.430902,0.623558,523063,0,137.4598,1235.7,4,L336
itransformer,ETTm1,336,336,2021,0.389528,0.405752,0.640681,285648,0,13.6761,77.2,5,L336
itransformer,ETTm1,336,336,2022,0.378916,0.402158,0.640940,285648,0,13.6092,77.2,4,L336
itransformer,ETTm1,336,336,2023,0.385520,0.405698,0.637285,285648,0,12.7740,77.2,4,L336
timesnet,ETTm1,336,336,2021,0.456500,0.441255,0.768522,571591,0,104.8236,1248.7,4,L336
timesnet,ETTm1,336,336,2022,0.445695,0.442978,0.764205,571591,0,105.2425,420.9,4,L336
timesnet,ETTm1,336,336,2023,0.458845,0.445172,0.774036,571591,0,104.8425,1261.4,4,L336
itransformer,ETTm1,336,720,2021,0.442092,0.437100,0.954030,335184,0,11.9995,79.0,4,L336
itransformer,ETTm1,336,720,2022,0.438927,0.435166,0.959774,335184,0,11.9972,79.0,4,L336
itransformer,ETTm1,336,720,2023,0.441262,0.433977,0.963782,335184,0,12.2496,79.0,4,L336
timesnet,ETTm1,336,720,2021,0.516407,0.476923,1.053694,700999,0,149.8794,274.7,4,L336
timesnet,ETTm1,336,720,2022,0.478562,0.464528,1.022588,700999,0,153.6206,1322.8,4,L336
timesnet,ETTm1,336,720,2023,0.565850,0.494007,1.114303,700999,0,124.8781,1315.5,4,L336
itransformer,ETTm2,336,96,2021,0.189281,0.278557,0.130708,254688,0,12.8926,76.1,4,L336
itransformer,ETTm2,336,96,2022,0.189988,0.277732,0.128267,254688,0,11.8673,76.1,4,L336
itransformer,ETTm2,336,96,2023,0.180892,0.269482,0.129081,254688,0,11.8680,76.1,5,L336
timesnet,ETTm2,336,96,2021,0.200757,0.283019,0.135130,490711,0,84.9175,1221.2,4,L336
timesnet,ETTm2,336,96,2022,0.204748,0.280596,0.135653,490711,0,68.5791,408.7,4,L336
timesnet,ETTm2,336,96,2023,0.196351,0.276348,0.122950,490711,0,93.6223,1224.7,4,L336
itransformer,ETTm2,336,192,2021,0.243538,0.313881,0.175847,267072,0,12.0812,76.5,4,L336
itransformer,ETTm2,336,192,2022,0.245902,0.313499,0.174528,267072,0,11.9119,76.5,4,L336
itransformer,ETTm2,336,192,2023,0.259702,0.323660,0.174646,267072,0,11.8692,76.5,4,L336
timesnet,ETTm2,336,192,2021,0.278146,0.332710,0.194718,523063,0,82.6789,1206.3,4,L336
timesnet,ETTm2,336,192,2022,0.264651,0.321221,0.190647,523063,0,83.7042,1238.0,4,L336
timesnet,ETTm2,336,192,2023,0.256850,0.320825,0.185080,523063,0,82.7254,1235.7,4,L336
itransformer,ETTm2,336,336,2021,0.295286,0.346619,0.219298,285648,0,11.9178,77.2,4,L336
itransformer,ETTm2,336,336,2022,0.300674,0.347352,0.220462,285648,0,12.4162,77.2,4,L336
itransformer,ETTm2,336,336,2023,0.310265,0.354326,0.222466,285648,0,12.9500,77.2,4,L336
timesnet,ETTm2,336,336,2021,0.318987,0.353538,0.233365,571591,0,129.8651,1256.5,4,L336
timesnet,ETTm2,336,336,2022,0.318853,0.357298,0.256132,571591,0,85.4394,442.6,4,L336
timesnet,ETTm2,336,336,2023,0.289003,0.339187,0.240362,571591,0,156.3627,447.0,4,L336
itransformer,ETTm2,336,720,2021,0.389749,0.401027,0.297916,335184,0,12.9542,79.0,4,L336
itransformer,ETTm2,336,720,2022,0.402136,0.410993,0.295910,335184,0,12.5718,79.0,4,L336
itransformer,ETTm2,336,720,2023,0.396184,0.404863,0.296112,335184,0,12.2404,79.0,4,L336
timesnet,ETTm2,336,720,2021,0.458171,0.434187,0.319479,700999,0,136.0519,472.5,4,L336
timesnet,ETTm2,336,720,2022,0.403839,0.404456,0.300450,700999,0,149.3210,1315.5,4,L336
timesnet,ETTm2,336,720,2023,0.422147,0.415506,0.311578,700999,0,443.9806,1322.9,4,L336
itransformer,weather,336,96,2021,0.162228,0.211056,0.388850,254688,0,12.9928,83.1,5,L336
itransformer,weather,336,96,2022,0.160387,0.209522,0.395917,254688,0,13.5766,83.1,5,L336
itransformer,weather,336,96,2023,0.158247,0.208408,0.390625,254688,0,13.5173,83.1,5,L336
timesnet,weather,336,96,2021,0.165756,0.221309,0.409502,491621,0,121.5298,1226.3,4,L336
timesnet,weather,336,96,2022,0.188183,0.240531,0.439604,491621,0,70.4067,171.7,4,L336
timesnet,weather,336,96,2023,0.194292,0.244554,0.443450,491621,0,85.3097,1221.5,4,L336
itransformer,weather,336,192,2021,0.206343,0.252481,0.472125,267072,0,14.7489,84.0,4,L336
itransformer,weather,336,192,2022,0.205760,0.250965,0.464607,267072,0,14.4503,84.0,6,L336
itransformer,weather,336,192,2023,0.206642,0.251325,0.472830,267072,0,15.5976,84.0,5,L336
timesnet,weather,336,192,2021,0.236059,0.280695,0.524270,523973,0,98.6415,1216.2,4,L336
timesnet,weather,336,192,2022,0.281770,0.310574,0.580953,523973,0,85.7174,408.9,4,L336
timesnet,weather,336,192,2023,0.230891,0.276285,0.513557,523973,0,158.1979,1235.1,4,L336
itransformer,weather,336,336,2021,0.254081,0.288863,0.547649,285648,0,41.5631,86.3,5,L336
itransformer,weather,336,336,2022,0.255389,0.289349,0.548384,285648,0,16.5485,86.3,6,L336
itransformer,weather,336,336,2023,0.257295,0.288922,0.543493,285648,0,13.5553,86.3,5,L336
timesnet,weather,336,336,2021,0.331928,0.337683,0.640455,572501,0,167.2065,1260.5,4,L336
timesnet,weather,336,336,2022,0.334131,0.343029,0.656185,572501,0,114.7183,1219.3,4,L336
itransformer,ETTh1,96,96,2021,0.386324,0.404168,0.695773,223968,0,7.1491,75.3,4,L96
timesnet,weather,336,336,2023,0.328904,0.342442,0.645968,572501,0,207.9820,668.6,4,L336
itransformer,weather,336,720,2021,0.328603,0.339305,0.645514,335184,0,79.8744,82.1,5,L336
itransformer,weather,336,720,2022,0.327993,0.339794,0.651286,335184,0,78.4061,82.1,5,L336
itransformer,weather,336,720,2023,0.323546,0.336860,0.650539,335184,0,74.2947,82.1,5,L336
timesnet,weather,336,720,2021,0.392461,0.383810,0.720264,701909,0,204.3565,179.7,4,L336
timesnet,weather,336,720,2022,0.404176,0.391838,0.759813,701909,0,232.7065,694.7,4,L336
timesnet,weather,336,720,2023,0.403346,0.386133,0.718605,701909,0,246.6926,688.9,4,L336
itransformer,ETTh1,96,96,2022,0.388751,0.406308,0.690486,223968,0,10.8827,75.3,7,L96
itransformer,ETTh1,96,96,2023,0.386545,0.405727,0.686036,223968,0,10.8897,75.3,6,L96
timesnet,ETTh1,96,96,2021,0.399697,0.417249,0.754748,363751,0,32.6992,374.4,4,L96
timesnet,ETTh1,96,96,2022,0.399028,0.412684,0.759651,363751,0,28.8459,373.0,4,L96
timesnet,ETTh1,96,96,2023,0.405313,0.418521,0.751841,363751,0,28.2188,172.5,4,L96
itransformer,ETTh1,96,192,2021,0.437871,0.433593,1.000025,236352,0,10.0748,75.7,5,L96
itransformer,ETTh1,96,192,2022,0.432801,0.430191,0.994634,236352,0,10.5997,75.7,5,L96
itransformer,ETTh1,96,192,2023,0.432289,0.431669,1.002739,236352,0,10.3717,75.7,5,L96
timesnet,ETTh1,96,192,2021,0.504918,0.479058,1.053814,373063,0,33.7938,391.1,5,L96
timesnet,ETTh1,96,192,2022,0.488482,0.475143,1.036370,373063,0,31.4828,392.4,5,L96
timesnet,ETTh1,96,192,2023,0.462798,0.457804,1.055785,373063,0,35.7443,392.4,4,L96
itransformer,ETTh1,96,336,2021,0.489009,0.461170,1.303325,254928,0,9.1757,76.4,5,L96
itransformer,ETTh1,96,336,2022,0.486593,0.461841,1.300731,254928,0,9.1383,76.4,4,L96
itransformer,ETTh1,96,336,2023,0.483696,0.459107,1.298807,254928,0,8.7601,76.4,4,L96
timesnet,ETTh1,96,336,2021,0.510202,0.480336,1.383489,387031,0,27.0571,1220.3,4,L96
timesnet,ETTh1,96,336,2022,0.560367,0.503036,1.386380,387031,0,25.8981,410.6,4,L96
timesnet,ETTh1,96,336,2023,0.487360,0.471704,1.368763,387031,0,21.7764,1218.3,4,L96
itransformer,ETTh1,96,720,2021,0.492523,0.485951,1.587736,304464,0,7.2606,78.2,5,L96
itransformer,ETTh1,96,720,2022,0.475417,0.474838,1.605452,304464,0,7.1085,78.2,5,L96
itransformer,ETTh1,96,720,2023,0.475083,0.473482,1.598573,304464,0,7.2724,78.2,4,L96
timesnet,ETTh1,96,720,2021,0.602257,0.534077,1.723870,424279,0,90.0807,1280.8,4,L96
timesnet,ETTh1,96,720,2022,0.521975,0.502179,1.689279,424279,0,90.7794,1282.7,4,L96
timesnet,ETTh1,96,720,2023,0.600368,0.532267,1.669116,424279,0,41.5459,1274.8,4,L96
itransformer,ETTh2,96,96,2021,0.314924,0.356802,0.220975,223968,0,7.4512,75.3,4,L96
itransformer,ETTh2,96,96,2022,0.318127,0.361176,0.221056,223968,0,7.4871,75.3,4,L96
itransformer,ETTh2,96,96,2023,0.314019,0.356476,0.225590,223968,0,7.4313,75.3,6,L96
timesnet,ETTh2,96,96,2021,0.345905,0.367295,0.255134,363751,0,21.3950,374.0,5,L96
timesnet,ETTh2,96,96,2022,0.344492,0.375963,0.249906,363751,0,22.8659,374.4,4,L96
timesnet,ETTh2,96,96,2023,0.313666,0.357521,0.245971,363751,0,22.2700,172.5,5,L96
itransformer,ETTh2,96,192,2021,0.384653,0.402327,0.287021,236352,0,7.4228,75.7,5,L96
itransformer,ETTh2,96,192,2022,0.381442,0.400575,0.289669,236352,0,7.5125,75.7,4,L96
itransformer,ETTh2,96,192,2023,0.377632,0.398320,0.289081,236352,0,7.6384,75.7,4,L96
timesnet,ETTh2,96,192,2021,0.426749,0.419954,0.301899,373063,0,27.7457,392.4,7,L96
timesnet,ETTh2,96,192,2022,0.430120,0.416858,0.297037,373063,0,39.1218,393.5,4,L96
timesnet,ETTh2,96,192,2023,0.401133,0.413421,0.294689,373063,0,39.5601,393.5,4,L96
itransformer,ETTh2,96,336,2021,0.425046,0.432423,0.374991,254928,0,8.3970,76.4,5,L96
itransformer,ETTh2,96,336,2022,0.425629,0.434062,0.370302,254928,0,8.3587,76.4,4,L96
itransformer,ETTh2,96,336,2023,0.431138,0.435294,0.370825,254928,0,8.2230,76.4,4,L96
timesnet,ETTh2,96,336,2021,0.452699,0.442054,0.387520,387031,0,23.3591,1215.3,6,L96
timesnet,ETTh2,96,336,2022,0.447613,0.442541,0.369133,387031,0,38.5155,1217.1,5,L96
timesnet,ETTh2,96,336,2023,0.434444,0.438814,0.386057,387031,0,40.7490,1222.3,5,L96
itransformer,ETTh2,96,720,2021,0.431105,0.446436,0.602867,304464,0,4.5279,78.2,4,L96
itransformer,ETTh2,96,720,2022,0.428966,0.447783,0.595163,304464,0,4.1673,78.2,4,L96
itransformer,ETTh2,96,720,2023,0.431775,0.447845,0.617027,304464,0,7.3371,78.2,5,L96
timesnet,ETTh2,96,720,2021,0.446394,0.456358,0.668577,424279,0,89.5965,1280.8,6,L96
timesnet,ETTh2,96,720,2022,0.436308,0.449929,0.612888,424279,0,106.7342,1280.8,4,L96
timesnet,ETTh2,96,720,2023,0.439439,0.451370,0.615054,424279,0,92.3393,1285.1,4,L96
itransformer,ETTm1,96,96,2021,0.331459,0.364994,0.397803,223968,0,33.1405,75.3,7,L96
itransformer,ETTm1,96,96,2022,0.332749,0.366918,0.391822,223968,0,33.0105,75.3,6,L96
itransformer,ETTm1,96,96,2023,0.331998,0.364993,0.397390,223968,0,33.2263,75.3,14,L96
timesnet,ETTm1,96,96,2021,0.342543,0.378290,0.389813,363751,0,65.1430,373.0,4,L96
timesnet,ETTm1,96,96,2022,0.357256,0.378206,0.432128,363751,0,98.2291,374.1,4,L96
timesnet,ETTm1,96,96,2023,0.331908,0.368077,0.406405,363751,0,46.9904,373.9,4,L96
itransformer,ETTm1,96,192,2021,0.378716,0.392190,0.514316,236352,0,11.3366,75.7,5,L96
itransformer,ETTm1,96,192,2022,0.386483,0.394941,0.515475,236352,0,10.4643,75.7,9,L96
itransformer,ETTm1,96,192,2023,0.378611,0.390737,0.512433,236352,0,12.4450,75.7,5,L96
timesnet,ETTm1,96,192,2021,0.393160,0.403067,0.522537,373063,0,83.5429,389.9,4,L96
naive,traffic,336,96,2021,2.714209,1.077165,2.359408,0,0,0.0000,19.9,0,L336
naive,traffic,336,96,2022,2.714209,1.077165,2.359408,0,0,0.0000,19.9,0,L336
naive,traffic,336,96,2023,2.714209,1.077165,2.359408,0,0,0.0000,19.9,0,L336
itransformer,ETTm2,96,96,2021,0.192485,0.276918,0.137227,223968,0,13.6675,75.3,1,L96
timesnet,ETTm2,96,96,2021,0.190065,0.268180,0.127710,363751,0,49.9387,373.9,1,L96
itransformer,weather,96,96,2021,0.182466,0.222627,0.434620,223968,0,25.9944,75.9,1,L96
timesnet,weather,96,96,2021,0.169866,0.217182,0.407142,364661,0,76.7341,224.2,1,L96
itransformer,ETTm2,96,192,2021,0.250670,0.310852,0.181507,236352,0,13.4437,75.7,5,L96
timesnet,ETTm1,96,192,2022,0.407810,0.407550,0.531641,373063,0,131.9803,371.9,4,L96
timesnet,ETTm1,96,192,2023,0.405932,0.408120,0.515834,373063,0,157.5503,389.9,4,L96
itransformer,ETTm1,96,336,2021,0.427877,0.419135,0.655860,254928,0,36.3105,76.4,7,L96
itransformer,ETTm1,96,336,2022,0.419554,0.414223,0.652336,254928,0,36.3443,76.4,6,L96
itransformer,ETTm1,96,336,2023,0.423893,0.416631,0.658104,254928,0,35.4623,76.4,9,L96
timesnet,ETTm1,96,336,2021,0.455467,0.431937,0.661820,387031,0,149.5990,1222.1,4,L96
timesnet,ETTm1,96,336,2022,0.461576,0.441303,0.678882,387031,0,107.4704,382.8,4,L96
timesnet,ETTm1,96,336,2023,0.446387,0.431348,0.660064,387031,0,178.6569,1215.3,4,L96
itransformer,ETTm1,96,720,2021,0.504199,0.462165,0.972865,304464,0,32.5256,78.2,7,L96
itransformer,ETTm1,96,720,2022,0.489759,0.455341,0.972428,304464,0,33.1477,78.2,8,L96
itransformer,ETTm1,96,720,2023,0.481374,0.451715,0.973180,304464,0,26.3124,78.2,8,L96
timesnet,ETTm1,96,720,2021,0.556469,0.484993,1.001984,424279,0,126.2745,1288.5,4,L96
timesnet,ETTm1,96,720,2022,0.502171,0.465259,0.987881,424279,0,135.0675,1289.2,4,L96
timesnet,ETTm1,96,720,2023,0.567558,0.488024,1.024483,424279,0,132.5914,1285.2,4,L96
itransformer,ETTm2,96,96,2022,0.187561,0.270206,0.135378,223968,0,12.0097,75.3,5,L96
itransformer,ETTm2,96,96,2023,0.185711,0.268130,0.134275,223968,0,10.7465,75.3,7,L96
timesnet,ETTm2,96,96,2022,0.195848,0.270391,0.132372,363751,0,499.6376,361.9,6,L96
timesnet,ETTm2,96,96,2023,0.182505,0.262222,0.125870,363751,0,45.6287,374.8,4,L96
itransformer,ETTm2,96,192,2022,0.253002,0.312239,0.179559,236352,0,8.5231,75.7,5,L96
itransformer,ETTm2,96,192,2023,0.252871,0.310719,0.179008,236352,0,8.3421,75.7,5,L96
timesnet,ETTm2,96,192,2021,0.263800,0.313974,0.175995,373063,0,129.6416,389.9,4,L96
timesnet,ETTm2,96,192,2022,0.253109,0.305618,0.170088,373063,0,115.9164,389.9,4,L96
timesnet,ETTm2,96,192,2023,0.260263,0.312409,0.175315,373063,0,79.7874,392.3,4,L96
itransformer,ETTm2,96,336,2021,0.320426,0.354178,0.228635,254928,0,9.2329,76.4,4,L96
itransformer,ETTm2,96,336,2022,0.313680,0.349667,0.225163,254928,0,9.4956,76.4,4,L96
itransformer,ETTm2,96,336,2023,0.317307,0.351654,0.227794,254928,0,9.8780,76.4,4,L96
timesnet,ETTm2,96,336,2021,0.312284,0.343034,0.220205,387031,0,73.6544,1201.5,4,L96
timesnet,ETTm2,96,336,2022,0.345529,0.359984,0.217342,387031,0,67.5825,408.8,7,L96
timesnet,ETTm2,96,336,2023,0.315136,0.347719,0.216728,387031,0,63.7506,1218.3,4,L96
itransformer,ETTm2,96,720,2021,0.416837,0.406995,0.304444,304464,0,9.3831,78.2,4,L96
itransformer,ETTm2,96,720,2022,0.416538,0.406483,0.292766,304464,0,8.8965,78.2,4,L96
itransformer,ETTm2,96,720,2023,0.417096,0.408970,0.298547,304464,0,9.5174,78.2,5,L96
timesnet,ETTm2,96,720,2021,0.435217,0.413003,0.283478,424279,0,333.2437,1289.3,5,L96
timesnet,ETTm2,96,720,2022,0.435833,0.410337,0.284939,424279,0,105.4092,1288.9,4,L96
timesnet,ETTm2,96,720,2023,0.449366,0.418926,0.287348,424279,0,122.0340,1282.5,6,L96
itransformer,weather,96,96,2022,0.174031,0.213368,0.419283,223968,0,18.9973,75.9,9,L96
itransformer,weather,96,96,2023,0.172166,0.212542,0.423340,223968,0,18.3480,75.9,7,L96
timesnet,weather,96,96,2022,0.170728,0.219408,0.405971,364661,0,65.2648,123.2,4,L96
timesnet,weather,96,96,2023,0.166975,0.215190,0.407238,364661,0,65.2182,119.1,4,L96
itransformer,weather,96,192,2021,0.220709,0.256109,0.491118,236352,0,18.2649,76.6,8,L96
itransformer,weather,96,192,2022,0.220938,0.255560,0.487211,236352,0,18.1957,76.6,9,L96
itransformer,weather,96,192,2023,0.223468,0.257459,0.493024,236352,0,18.2950,76.6,7,L96
timesnet,weather,96,192,2021,0.215476,0.257877,0.486935,373973,0,66.5358,231.0,4,L96
timesnet,weather,96,192,2022,0.221998,0.263701,0.486123,373973,0,112.7716,230.3,4,L96
timesnet,weather,96,192,2023,0.221453,0.262246,0.487735,373973,0,159.9269,231.0,4,L96
itransformer,weather,96,336,2021,0.278994,0.298392,0.586778,254928,0,60.1597,77.6,6,L96
itransformer,weather,96,336,2022,0.279429,0.298592,0.581532,254928,0,61.2016,77.6,8,L96
itransformer,weather,96,336,2023,0.280172,0.298495,0.586616,254928,0,59.9127,77.6,7,L96
timesnet,weather,96,336,2021,0.282291,0.304734,0.578290,387941,0,188.5428,634.4,4,L96
timesnet,weather,96,336,2022,0.278066,0.301030,0.574759,387941,0,179.1758,646.2,4,L96
timesnet,weather,96,336,2023,0.290491,0.311625,0.590327,387941,0,178.8786,647.2,4,L96
itransformer,weather,96,720,2021,0.355652,0.349496,0.706647,304464,0,69.6261,81.1,8,L96
itransformer,weather,96,720,2022,0.355699,0.349242,0.700468,304464,0,69.7635,81.1,10,L96
itransformer,weather,96,720,2023,0.353580,0.347263,0.704980,304464,0,25.3025,81.1,6,L96
timesnet,weather,96,720,2021,0.383680,0.368120,0.704568,425189,0,504.1314,686.2,5,L96
timesnet,weather,96,720,2022,0.365457,0.356305,0.689922,425189,0,119.8964,677.0,4,L96
timesnet,weather,96,720,2023,0.363490,0.356507,0.713895,425189,0,123.5016,681.2,4,L96
itransformer,electricity,336,96,2021,0.133610,0.229672,0.115634,254688,0,20.9636,164.9,12,L336
itransformer,electricity,336,96,2022,0.133223,0.229412,0.116009,254688,0,20.9976,164.9,15,L336
itransformer,electricity,336,96,2023,0.133860,0.230242,0.116175,254688,0,20.9318,164.9,16,L336
timesnet,electricity,336,96,2021,0.196823,0.301822,0.157501,511121,0,43.2473,670.9,4,L336
timesnet,electricity,336,96,2022,0.182007,0.288240,0.146641,511121,0,52.1982,675.7,6,L336
timesnet,electricity,336,96,2023,0.194554,0.298323,0.154228,511121,0,128.5024,676.7,4,L336
itransformer,electricity,336,192,2021,0.153010,0.248172,0.131611,267072,0,21.4113,178.2,10,L336
itransformer,electricity,336,192,2022,0.153728,0.248436,0.132093,267072,0,21.4956,178.2,12,L336
itransformer,electricity,336,192,2023,0.153313,0.248629,0.131514,267072,0,21.3735,178.2,10,L336
timesnet,electricity,336,192,2021,0.200335,0.302606,0.166152,543473,0,56.5053,690.5,6,L336
timesnet,electricity,336,192,2022,0.206695,0.308420,0.163398,543473,0,136.4622,693.8,4,L336
timesnet,electricity,336,192,2023,0.207300,0.307596,0.158336,543473,0,51.2459,689.8,6,L336
itransformer,electricity,336,336,2021,0.168312,0.264021,0.148836,285648,0,22.0909,196.1,16,L336
itransformer,electricity,336,336,2022,0.169852,0.265204,0.149378,285648,0,22.9768,196.1,13,L336
itransformer,electricity,336,336,2023,0.167991,0.263636,0.148116,285648,0,22.1663,196.1,10,L336
timesnet,electricity,336,336,2021,0.207331,0.310296,0.173463,592001,0,61.8477,701.2,8,L336
timesnet,electricity,336,336,2022,0.207217,0.311494,0.180814,592001,0,59.1365,694.0,4,L336
timesnet,electricity,336,336,2023,0.206760,0.310676,0.169083,592001,0,61.7896,706.6,7,L336
itransformer,electricity,336,720,2021,0.205703,0.296057,0.184999,335184,0,23.7894,242.4,6,L336
itransformer,electricity,336,720,2022,0.206925,0.297062,0.181705,335184,0,23.7976,242.4,6,L336
itransformer,electricity,336,720,2023,0.210345,0.300873,0.184280,335184,0,23.8064,242.4,5,L336
timesnet,electricity,336,720,2021,0.231761,0.327531,0.207616,721409,0,125.0935,763.9,5,L336
timesnet,electricity,336,720,2022,0.232144,0.330569,0.201012,721409,0,126.5702,761.8,4,L336
timesnet,electricity,336,720,2023,0.229381,0.322244,0.208793,721409,0,122.7373,762.1,8,L336
nlinear,traffic,336,96,2021,0.410740,0.280776,0.336781,32352,64512,8.5667,121.6,20,L336
nlinear,traffic,336,96,2022,0.410747,0.280828,0.336797,32352,64512,8.5676,121.6,15,L336
nlinear,traffic,336,96,2023,0.410776,0.280842,0.336815,32352,64512,8.5768,121.6,20,L336
dlinear,traffic,336,96,2021,0.410107,0.282304,0.338923,64704,129024,9.0897,135.7,10,L336
dlinear,traffic,336,96,2022,0.410296,0.283081,0.338912,64704,129024,9.1781,135.7,8,L336
dlinear,traffic,336,96,2023,0.410166,0.282356,0.339019,64704,129024,9.2840,135.7,14,L336
rlinear,traffic,336,96,2021,0.409877,0.278600,0.336230,32354,64512,9.7252,136.5,13,L336
rlinear,traffic,336,96,2022,0.409894,0.278637,0.336235,32354,64512,9.7261,136.5,15,L336
rlinear,traffic,336,96,2023,0.409901,0.278662,0.336251,32354,64512,9.6795,136.5,19,L336
fits,traffic,336,96,2021,0.520200,0.385154,0.419948,4644,18144,10.0884,182.0,10,L336
fits,traffic,336,96,2022,0.520187,0.385205,0.419957,4644,18144,10.3915,182.0,12,L336
fits,traffic,336,96,2023,0.520249,0.385247,0.419996,4644,18144,10.6468,182.0,18,L336
freqlite,traffic,336,96,2021,0.409746,0.278193,0.336118,64997,185420,16.1998,203.3,17,L336
freqlite,traffic,336,96,2022,0.409727,0.278195,0.336124,64997,185420,16.2092,203.3,18,L336
freqlite,traffic,336,96,2023,0.409738,0.278163,0.336132,64997,185420,16.3241,203.3,16,L336
itransformer,traffic,336,96,2021,0.382732,0.275868,0.330576,254688,0,51.2083,196.5,13,L336
itransformer,traffic,336,96,2022,0.379534,0.275006,0.330457,254688,0,51.2540,196.5,13,L336
itransformer,traffic,336,96,2023,0.380531,0.275445,0.330099,254688,0,51.2122,196.5,13,L336
timesnet,traffic,336,96,2021,0.600158,0.327216,0.444784,546286,0,132.5690,668.2,8,L336
timesnet,traffic,336,96,2022,0.619920,0.330160,0.446574,546286,0,57.3641,662.2,7,L336
timesnet,traffic,336,96,2023,0.613575,0.335818,0.455368,546286,0,48.8994,262.2,4,L336
naive,traffic,336,192,2021,2.746775,1.084998,2.356766,0,0,0.0000,97.6,0,L336
naive,traffic,336,192,2022,2.746775,1.084998,2.356766,0,0,0.0000,97.6,0,L336
naive,traffic,336,192,2023,2.746775,1.084998,2.356766,0,0,0.0000,97.6,0,L336
nlinear,traffic,336,192,2021,0.423899,0.285753,0.341122,64704,129024,9.7465,138.0,20,L336
nlinear,traffic,336,192,2022,0.423928,0.285817,0.341133,64704,129024,9.7464,138.0,20,L336
nlinear,traffic,336,192,2023,0.423942,0.285842,0.341152,64704,129024,9.7622,138.0,17,L336
dlinear,traffic,336,192,2021,0.422847,0.287978,0.345206,129408,258048,10.3785,158.6,19,L336
dlinear,traffic,336,192,2022,0.422893,0.288159,0.345169,129408,258048,10.2558,158.6,11,L336
dlinear,traffic,336,192,2023,0.422855,0.287979,0.345210,129408,258048,12.6997,158.6,20,L336
rlinear,traffic,336,192,2021,0.422975,0.283327,0.340562,64706,129024,11.6489,150.3,18,L336
rlinear,traffic,336,192,2022,0.422979,0.283343,0.340559,64706,129024,12.5327,150.3,19,L336
rlinear,traffic,336,192,2023,0.422979,0.283336,0.340559,64706,129024,11.5851,150.3,15,L336
fits,traffic,336,192,2021,0.531932,0.389303,0.423190,5676,22176,11.8029,203.1,12,L336
fits,traffic,336,192,2022,0.531977,0.389387,0.423198,5676,22176,12.5232,203.1,16,L336
fits,traffic,336,192,2023,0.531972,0.389384,0.423206,5676,22176,11.8145,203.1,16,L336
freqlite,traffic,336,192,2021,0.422781,0.282814,0.340421,129989,314444,19.4867,217.2,20,L336
freqlite,traffic,336,192,2022,0.422780,0.282804,0.340414,129989,314444,19.1126,217.2,14,L336
freqlite,traffic,336,192,2023,0.422774,0.282788,0.340416,129989,314444,18.9803,217.2,14,L336
itransformer,traffic,336,192,2021,0.405786,0.287867,0.338533,267072,0,51.7882,212.4,12,L336
itransformer,traffic,336,192,2022,0.405769,0.287867,0.338561,267072,0,51.6980,212.4,20,L336
itransformer,traffic,336,192,2023,0.405493,0.287735,0.338420,267072,0,51.7583,212.4,14,L336
timesnet,traffic,336,192,2021,0.615317,0.334043,0.450778,578638,0,56.7162,274.7,7,L336
timesnet,traffic,336,192,2022,0.643612,0.350368,0.456040,578638,0,172.7875,679.4,4,L336
timesnet,traffic,336,192,2023,0.637441,0.339533,0.453209,578638,0,52.6346,678.8,5,L336
naive,traffic,336,336,2021,2.788214,1.094048,2.336000,0,0,0.0000,113.5,0,L336
naive,traffic,336,336,2022,2.788214,1.094048,2.336000,0,0,0.0000,113.5,0,L336
naive,traffic,336,336,2023,2.788214,1.094048,2.336000,0,0,0.0000,113.5,0,L336
nlinear,traffic,336,336,2021,0.436630,0.292608,0.354876,113232,225792,11.1368,162.7,18,L336
nlinear,traffic,336,336,2022,0.436598,0.292565,0.354872,113232,225792,11.2122,162.7,15,L336
nlinear,traffic,336,336,2023,0.436646,0.292610,0.354892,113232,225792,11.2675,162.7,13,L336
dlinear,traffic,336,336,2021,0.436110,0.295958,0.361394,226464,451584,11.8184,191.2,11,L336
dlinear,traffic,336,336,2022,0.436136,0.295958,0.361379,226464,451584,11.6082,191.2,13,L336
dlinear,traffic,336,336,2023,0.435976,0.295712,0.361253,226464,451584,11.7394,191.2,11,L336
rlinear,traffic,336,336,2021,0.435616,0.289802,0.354217,113234,225792,12.1308,180.2,18,L336
rlinear,traffic,336,336,2022,0.435605,0.289794,0.354220,113234,225792,12.1832,180.2,15,L336
rlinear,traffic,336,336,2023,0.435618,0.289807,0.354232,113234,225792,12.3015,180.2,19,L336
fits,traffic,336,336,2021,0.542775,0.393008,0.434692,7224,28224,12.4847,240.9,15,L336
fits,traffic,336,336,2022,0.542750,0.392915,0.434654,7224,28224,12.4314,240.9,8,L336
fits,traffic,336,336,2023,0.542738,0.392995,0.434614,7224,28224,12.5921,240.9,10,L336
freqlite,traffic,336,336,2021,0.435353,0.289185,0.354044,227477,507980,23.8049,274.9,15,L336
freqlite,traffic,336,336,2022,0.435372,0.289191,0.354037,227477,507980,23.7852,274.9,18,L336
freqlite,traffic,336,336,2023,0.435408,0.289190,0.354030,227477,507980,23.7630,274.9,12,L336
itransformer,traffic,336,336,2021,0.420917,0.295193,0.352315,285648,0,52.6829,232.6,15,L336
itransformer,traffic,336,336,2022,0.420416,0.294867,0.351915,285648,0,52.6812,232.6,15,L336
itransformer,traffic,336,336,2023,0.420371,0.294878,0.352039,285648,0,52.6665,232.6,14,L336
timesnet,traffic,336,336,2021,0.630994,0.338846,0.461047,627166,0,57.2552,227.9,6,L336
timesnet,traffic,336,336,2022,0.635470,0.345623,0.466397,627166,0,61.2564,699.3,4,L336
timesnet,traffic,336,336,2023,0.635960,0.337401,0.462299,627166,0,57.2843,698.4,15,L336
naive,traffic,336,720,2021,2.809222,1.096682,2.292463,0,0,0.0000,155.8,0,L336
naive,traffic,336,720,2022,2.809222,1.096682,2.292463,0,0,0.0000,155.8,0,L336
naive,traffic,336,720,2023,2.809222,1.096682,2.292463,0,0,0.0000,155.8,0,L336
nlinear,traffic,336,720,2021,0.464843,0.309704,0.400773,242640,483840,14.4956,237.8,12,L336
nlinear,traffic,336,720,2022,0.465064,0.309860,0.400809,242640,483840,14.4439,237.8,15,L336
nlinear,traffic,336,720,2023,0.465026,0.309854,0.400794,242640,483840,14.4189,237.8,13,L336
dlinear,traffic,336,720,2021,0.465970,0.315134,0.406131,485280,967680,15.0646,280.1,15,L336
dlinear,traffic,336,720,2022,0.465963,0.315191,0.406099,485280,967680,15.0093,280.1,12,L336
dlinear,traffic,336,720,2023,0.465709,0.314964,0.406139,485280,967680,15.1127,280.1,10,L336
rlinear,traffic,336,720,2021,0.463632,0.306273,0.399712,242642,483840,16.3024,277.6,12,L336
rlinear,traffic,336,720,2022,0.463853,0.306487,0.399749,242642,483840,16.3174,277.6,15,L336
rlinear,traffic,336,720,2023,0.463848,0.306475,0.399752,242642,483840,16.3379,277.6,13,L336
fits,traffic,336,720,2021,0.564316,0.402749,0.474193,11352,44352,18.9069,367.6,11,L336
fits,traffic,336,720,2022,0.564345,0.402789,0.474174,11352,44352,18.8955,367.6,18,L336
fits,traffic,336,720,2023,0.564339,0.402806,0.474190,11352,44352,18.9131,367.6,14,L336
freqlite,traffic,336,720,2021,0.463454,0.305823,0.399480,487445,1024076,35.3203,437.0,11,L336
freqlite,traffic,336,720,2022,0.463507,0.305824,0.399491,487445,1024076,35.2889,437.0,17,L336
freqlite,traffic,336,720,2023,0.463256,0.305646,0.399464,487445,1024076,35.2797,437.0,10,L336
itransformer,traffic,336,720,2021,0.450229,0.311308,0.398153,335184,0,54.8663,296.7,11,L336
itransformer,traffic,336,720,2022,0.449685,0.310836,0.397785,335184,0,54.9325,296.7,12,L336
itransformer,traffic,336,720,2023,0.450223,0.311515,0.398396,335184,0,54.8985,296.7,11,L336
timesnet,traffic,336,720,2021,0.669915,0.356063,0.474749,756574,0,107.8648,750.3,4,L336
timesnet,traffic,336,720,2022,0.663567,0.354160,0.469795,756574,0,113.8933,748.3,4,L336
timesnet,traffic,336,720,2023,0.668717,0.358429,0.459301,756574,0,90.4083,749.2,4,L336
